"species","DD_mean","DD_sd","DD_se","DD_n","ID_C_mean","ID_C_sd","ID_C_se","ID_C_n","ID_T_mean","ID_T_sd","ID_T_se","ID_T_n","iter"
"ARCA",0.0224617371240473,0.0121844080232973,0.00609220401164866,4,0.0130566084787361,0.00626083936122688,0.00279993248158193,5,0.0132228630298256,0.00225800385241225,0.00130365913202143,3,"A"
"ARCA",0.0214906210869934,0.0128998645393531,0.00644993226967655,4,0.0130566084787361,0.00626083936122688,0.00279993248158193,5,0.0145176844125641,0.00310895816448979,0.00179495783316747,3,"B"
"ARCA",0.0209713726716315,0.013382748261616,0.00669137413080801,4,0.0130566084787361,0.00626083936122688,0.00279993248158193,5,0.0152100156330466,0.00196289981426128,0.00113328073615602,3,"C"
"ARCA",0.0220991960640569,0.0124208374878338,0.00621041874391688,4,0.0130566084787361,0.00626083936122688,0.00279993248158193,5,0.0137062511098127,0.00302605198250286,0.00174709192667983,3,"D"
"ARCA",0.0206747776066141,0.0131058957093824,0.00655294785469118,4,0.0130566084787361,0.00626083936122688,0.00279993248158193,5,0.0156054757197365,0.0046127853505291,0.00266319286384194,3,"E"
"ARCA",0.0201555291912522,0.0135398035591491,0.00676990177957455,4,0.0130566084787361,0.00626083936122688,0.00279993248158193,5,0.016297806940219,0.00363397961639308,0.00209807910975416,3,"F"
"ARCA",0.0212833525836776,0.0126869699396802,0.00634348496984008,4,0.0130566084787361,0.00626083936122688,0.00279993248158193,5,0.0147940424169851,0.00483912891970933,0.00279387238443749,3,"G"
"ARCA",0.0191844131541983,0.0139750038277979,0.00698750191389894,4,0.0130566084787361,0.00626083936122688,0.00279993248158193,5,0.0175926283229575,0.00241419509271776,0.00139383618665687,3,"H"
"ARCA",0.0203122365466238,0.0132610074091638,0.0066305037045819,4,0.0130566084787361,0.00626083936122688,0.00279993248158193,5,0.0160888637997236,0.00467771505895453,0.00270068004847976,3,"I"
"ARCA",0.0197929881312619,0.0136716531038482,0.00683582655192408,4,0.0130566084787361,0.00626083936122688,0.00279993248158193,5,0.0167811950202061,0.0035784135251424,0.00206599801201276,3,"J"
"ARCA",0.0157111704162931,0.00362167173874135,0.00181083586937067,4,0.0130566084787361,0.00626083936122688,0.00279993248158193,5,0.0222236186401645,0.0156500274716402,0.00903554757357652,3,"K"
"ARCA",0.0151919220009312,0.00421964024653722,0.00210982012326861,4,0.0130566084787361,0.00626083936122688,0.00279993248158193,5,0.0229159498606469,0.0149367177830043,0.008623718032827,3,"L"
"ARCA",0.0163197453933567,0.00321970222852131,0.00160985111426065,4,0.0130566084787361,0.00626083936122688,0.00279993248158193,5,0.021412185337413,0.016222616452922,0.00936613197605459,3,"M"
"ARCA",0.0142208059638774,0.00411410329546195,0.00205705164773098,4,0.0130566084787361,0.00626083936122688,0.00279993248158193,5,0.0242107712433855,0.0137847788999421,0.00795864580860105,3,"N"
"ARCA",0.0153486293563028,0.0035224457759928,0.0017612228879964,4,0.0130566084787361,0.00626083936122688,0.00279993248158193,5,0.0227070067201516,0.0153599868212069,0.00886809252597292,3,"O"
"ARCA",0.0148293809409409,0.00407363288512014,0.00203681644256007,4,0.0130566084787361,0.00626083936122688,0.00279993248158193,5,0.023399337940634,0.0145981978146455,0.00842827343796898,3,"P"
"ARCA",0.0145327858759235,0.0020983829559012,0.0010491914779506,4,0.0130566084787361,0.00626083936122688,0.00279993248158193,5,0.023794798027324,0.0148598971098618,0.00857936559650884,3,"R"
"ARCA",0.0226124032097979,0.0120228387401949,0.00601141937009746,4,0.0130566084787361,0.00626083936122688,0.00279993248158193,5,0.0130219749154914,0.00230031043103134,0.00132808484657565,3,"U"
"ARCA",0.022093154794436,0.0126013248051644,0.00630066240258221,4,0.0130566084787361,0.00626083936122688,0.00279993248158193,5,0.0137143061359739,0.00160790610303507,0.000928325021418941,3,"V"
"ARCA",0.0232209781868614,0.011427985272676,0.00571399263633798,4,0.0130566084787361,0.00626083936122688,0.00279993248158193,5,0.01221054161274,0.00106854682624314,0.000616925797773196,3,"W"
"ARCA",0.0211220387573821,0.0132584160644233,0.00662920803221167,4,0.0130566084787361,0.00626083936122688,0.00279993248158193,5,0.0150091275187124,0.00228984898639532,0.00132204492869893,3,"X"
"ARCA",0.0222498621498076,0.0122683216771299,0.00613416083856496,4,0.0130566084787361,0.00626083936122688,0.00279993248158193,5,0.0135053629954785,0.00310502142376717,0.00179268495485153,3,"Y"
"ARCA",0.0217306137344457,0.012816179432927,0.00640808971646348,4,0.0130566084787361,0.00626083936122688,0.00279993248158193,5,0.014197694215961,0.00243538457352561,0.00140606993910527,3,"Z"
"ARCA",0.0203061952770028,0.0134291366975189,0.00671456834875946,4,0.0130566084787361,0.00626083936122688,0.00279993248158193,5,0.0160969188258848,0.00390535703687767,0.00225475893652292,3,"A1"
"ARCA",0.0214340186694282,0.0125507571740289,0.00627537858701446,4,0.0130566084787361,0.00626083936122688,0.00279993248158193,5,0.0145931543026509,0.00495549282879833,0.00286105511867397,3,"B1"
"ARCA",0.0209147702540664,0.0130435645549786,0.00652178227748932,4,0.0130566084787361,0.00626083936122688,0.00279993248158193,5,0.0152854855231334,0.0043113238692089,0.00248914399645142,3,"C1"
"ARCA",0.0199436542170125,0.013567431259899,0.00678371562994949,4,0.0130566084787361,0.00626083936122688,0.00279993248158193,5,0.0165803069058719,0.00389131980820032,0.00224665453876738,3,"D1"
"ARCA",0.0153425880866818,0.00410061644244096,0.00205030822122048,4,0.0130566084787361,0.00626083936122688,0.00279993248158193,5,0.0227150617463128,0.0151373730421524,0.00873956640071046,3,"E1"
"ARCA",0.0164704114791073,0.0029871459972611,0.00149357299863055,4,0.0130566084787361,0.00626083936122688,0.00279993248158193,5,0.0212112972230789,0.0163799128144309,0.00945694707271427,3,"F1"
"ARCA",0.0159511630637454,0.00382925468195431,0.00191462734097716,4,0.0130566084787361,0.00626083936122688,0.00279993248158193,5,0.0219036284435614,0.0157666200322394,0.00910286231982398,3,"G1"
"ARCA",0.0149800470266915,0.00396860638768485,0.00198430319384243,4,0.0130566084787361,0.00626083936122688,0.00279993248158193,5,0.0231984498262999,0.0148132786608275,0.00855245042240967,3,"H1"
"ARCA",0.0141642035463122,0.00263506017709714,0.00131753008854857,4,0.0130566084787361,0.00626083936122688,0.00279993248158193,5,0.0242862411334723,0.0142378653257727,0.00822023537852051,3,"I1"
"ARDO",0.0767119127604914,0.0400412332886032,0.0200206166443016,4,0.0324115861230918,0.0142746324773565,0.00638380971463906,5,0.0146391707265874,0.00593849774453762,0.00342859327139078,3,"A"
"ARDO",0.0725744609553313,0.0459281267290179,0.022964063364509,4,0.0324115861230918,0.0142746324773565,0.00638380971463906,5,0.0201557731334676,0.0149510069687468,0.00863196789806194,3,"B"
"ARDO",0.0696059765815295,0.0505655298990205,0.0252827649495103,4,0.0324115861230918,0.0142746324773565,0.00638380971463906,5,0.0241137522985367,0.0115588343226041,0.00667349610767375,3,"C"
"ARDO",0.0711485672129075,0.0481200465933029,0.0240600232966514,4,0.0324115861230918,0.0142746324773565,0.00638380971463906,5,0.0220569647900327,0.0142758290731347,0.0082421537582794,3,"D"
"ARDO",0.0652137045030955,0.0494522261606531,0.0247261130803265,4,0.0324115861230918,0.0142746324773565,0.00638380971463906,5,0.029970115069782,0.0317782816419563,0.0183471994603672,3,"E"
"ARDO",0.0622452201292937,0.0532422315462283,0.0266211157731142,4,0.0324115861230918,0.0142746324773565,0.00638380971463906,5,0.0339280942348511,0.028344282367437,0.0163645790548265,3,"F"
"ARDO",0.0637878107606717,0.0512218733945108,0.0256109366972554,4,0.0324115861230918,0.0142746324773565,0.00638380971463906,5,0.0318713067263471,0.0305638517770477,0.0176460480509503,3,"G"
"ARDO",0.0581077683241336,0.0564022490580727,0.0282011245290363,4,0.0324115861230918,0.0142746324773565,0.00638380971463906,5,0.0394446966417313,0.0259313947038565,0.014971497712734,3,"H"
"ARDO",0.0596503589555116,0.0546550867825652,0.0273275433912826,4,0.0324115861230918,0.0142746324773565,0.00638380971463906,5,0.0373879091332273,0.0289348813816663,0.0167055615546749,3,"I"
"ARDO",0.0566818745817097,0.0577265263761532,0.0288632631880766,4,0.0324115861230918,0.0142746324773565,0.00638380971463906,5,0.0413458882982964,0.0232956669000682,0.0134497595557063,3,"J"
"ARDO",0.0641040859443293,0.0493308656380183,0.0246654328190091,4,0.0324115861230918,0.0142746324773565,0.00638380971463906,5,0.0314496064814703,0.0343296322481164,0.0198202224196309,3,"K"
"ARDO",0.0611356015705274,0.0530468015821923,0.0265234007910962,4,0.0324115861230918,0.0142746324773565,0.00638380971463906,5,0.0354075856465394,0.030894909298351,0.017837184199992,3,"L"
"ARDO",0.0626781922019054,0.0510634189151425,0.0255317094575712,4,0.0324115861230918,0.0142746324773565,0.00638380971463906,5,0.0333507981380354,0.033081340834996,0.0190995210362387,3,"M"
"ARDO",0.0569981497653673,0.0561088138180013,0.0280544069090006,4,0.0324115861230918,0.0142746324773565,0.00638380971463906,5,0.0409241880534196,0.028267454983912,0.0163202227442672,3,"N"
"ARDO",0.0585407403967453,0.054394193620696,0.027197096810348,4,0.0324115861230918,0.0142746324773565,0.00638380971463906,5,0.0388674005449156,0.0311924372070362,0.0180089620181628,3,"O"
"ARDO",0.0555722560229435,0.0574031178736765,0.0287015589368382,4,0.0324115861230918,0.0142746324773565,0.00638380971463906,5,0.0428253797099847,0.0257072263403823,0.0148420740477384,3,"P"
"ARDO",0.0496373933131316,0.0563789530518374,0.0281894765259187,4,0.0324115861230918,0.0142746324773565,0.00638380971463906,5,0.050738529989734,0.0312072204706617,0.0180174971393965,3,"Q"
"ARDO",0.0511799839445095,0.054949018941671,0.0274745094708355,4,0.0324115861230918,0.0142746324773565,0.00638380971463906,5,0.04868174248123,0.0347615849012712,0.020069610400207,3,"R"
"ARDO",0.0482114995707077,0.0574240096411889,0.0287120048205944,4,0.0324115861230918,0.0142746324773565,0.00638380971463906,5,0.0526397216462991,0.027923578734479,0.0161216856990892,3,"S"
"ARDO",0.0440740477655476,0.0590690989336731,0.0295345494668366,4,0.0324115861230918,0.0142746324773565,0.00638380971463906,5,0.0581563240531793,0.0184144321459806,0.010631577356456,3,"T"
"ARDO",0.0487418284269399,0.0240954723082686,0.0120477361541343,4,0.0324115861230918,0.0142746324773565,0.00638380971463906,5,0.0519326165046562,0.0697366120304846,0.0402624517281727,3,"U"
"ARDO",0.045773344053138,0.0289726362089869,0.0144863181044935,4,0.0324115861230918,0.0142746324773565,0.00638380971463906,5,0.0558905956697253,0.0663019822254488,0.0382794672856687,3,"V"
"ARDO",0.047315934684516,0.026384030033896,0.013192015016948,4,0.0324115861230918,0.0142746324773565,0.00638380971463906,5,0.0538338081612213,0.0682804520735498,0.0394217373850533,3,"W"
"ARDO",0.0416358922479779,0.0316883976444039,0.015844198822202,4,0.0324115861230918,0.0142746324773565,0.00638380971463906,5,0.0614071980766055,0.0624621210859487,0.0360625224231275,3,"X"
"ARDO",0.0431784828793559,0.0296290002460574,0.0148145001230287,4,0.0324115861230918,0.0142746324773565,0.00638380971463906,5,0.0593504105681015,0.0648214724891364,0.0374246945908708,3,"Y"
"ARDO",0.0402099985055541,0.0330554126761382,0.0165277063380691,4,0.0324115861230918,0.0142746324773565,0.00638380971463906,5,0.0633083897331706,0.0603862787571117,0.0348640342957783,3,"Z"
"ARDO",0.0342751357957421,0.02707399135793,0.013536995678965,4,0.0324115861230918,0.0142746324773565,0.00638380971463906,5,0.0712215400129199,0.0589345092117955,0.0340258547579886,3,"A1"
"ARDO",0.0358177264271201,0.0252389211775874,0.0126194605887937,4,0.0324115861230918,0.0142746324773565,0.00638380971463906,5,0.0691647525044159,0.0619204420917338,0.0357497839100031,3,"B1"
"ARDO",0.0328492420533183,0.0281694577949808,0.0140847288974904,4,0.0324115861230918,0.0142746324773565,0.00638380971463906,5,0.073122731669485,0.0562342034050373,0.0324668324735624,3,"C1"
"ARDO",0.0287117902481582,0.0285598491669131,0.0142799245834565,4,0.0324115861230918,0.0142746324773565,0.00638380971463906,5,0.0786393340763652,0.0488125068741117,0.0281819139835889,3,"D1"
"ARDO",0.0331655172369759,0.0250891599503886,0.0125445799751943,4,0.0324115861230918,0.0142746324773565,0.00638380971463906,5,0.0727010314246082,0.0588119669407578,0.0339551049448179,3,"E1"
"ARDO",0.0347081078683539,0.023195529318322,0.011597764659161,4,0.0324115861230918,0.0142746324773565,0.00638380971463906,5,0.0706442439161042,0.0618776310681399,0.0357250669540069,3,"F1"
"ARDO",0.031739623494552,0.0261870978983607,0.0130935489491803,4,0.0324115861230918,0.0142746324773565,0.00638380971463906,5,0.0746022230811733,0.0560305124179772,0.0323492314273518,3,"G1"
"ENCA",0.0220780414537714,0.0114105931424381,0.00570529657121906,4,0.0153394301411685,0.0104062086326125,0.00424831688447434,6,0.0260061074508064,0.015123340698723,0.00873146482345414,3,"A"
"ENCA",0.0193024355029198,0.0133665659493668,0.00668328297468342,4,0.0153394301411685,0.0104062086326125,0.00424831688447434,6,0.0297069153852752,0.00874398424618304,0.00504834165832362,3,"B"
"ENCA",0.0255523617438052,0.0125058095111805,0.00625290475559023,4,0.0153394301411685,0.0104062086326125,0.00424831688447434,6,0.021373680397428,0.0136997643921971,0.00790956265966943,3,"C"
"ENCA",0.0261135836895154,0.0130263495258151,0.00651317476290753,4,0.0153394301411685,0.0104062086326125,0.00424831688447434,6,0.0206253844698143,0.0125258631520175,0.0072318104626497,3,"D"
"ENCA",0.0213334786164258,0.0123807780531057,0.00619038902655283,4,0.0153394301411685,0.0104062086326125,0.00424831688447434,6,0.0269988579006005,0.0134091962550202,0.00774180306745241,3,"E"
"ENCA",0.0275834048573112,0.00985715640440147,0.00492857820220074,4,0.0153394301411685,0.0104062086326125,0.00424831688447434,6,0.0186656229127533,0.0149443029268241,0.00862809731765321,3,"F"
"ENCA",0.0281446268030214,0.0103640918675162,0.00518204593375809,4,0.0153394301411685,0.0104062086326125,0.00424831688447434,6,0.0179173269851397,0.0136552776649713,0.00788387823573026,3,"G"
"ENCA",0.0248077989064596,0.0136519437051747,0.00682597185258733,4,0.0153394301411685,0.0104062086326125,0.00424831688447434,6,0.0223664308472221,0.0123519709698633,0.00713141376447302,3,"H"
"ENCA",0.0253690208521699,0.0141696995044392,0.00708484975221961,4,0.0153394301411685,0.0104062086326125,0.00424831688447434,6,0.0216181349196084,0.0111361350341066,0.00642945055967346,3,"I"
"ENCA",0.0316189470930552,0.00879784108284531,0.00439892054142266,4,0.0153394301411685,0.0104062086326125,0.00424831688447434,6,0.0132848999317613,0.00574653480330049,0.00331776341559309,3,"J"
"ENCA",0.019540316922573,0.0133617392235982,0.00668086961179908,4,0.0153394301411685,0.0104062086326125,0.00424831688447434,6,0.0293897401590709,0.00928907047294602,0.00536304733807679,3,"K"
"ENCA",0.0257902431634584,0.0123410541604911,0.00617052708024554,4,0.0153394301411685,0.0104062086326125,0.00424831688447434,6,0.0210565051712237,0.0137689442979017,0.0079495036968505,3,"L"
"ENCA",0.0263514651091687,0.0128544201283365,0.00642721006416824,4,0.0153394301411685,0.0104062086326125,0.00424831688447434,6,0.02030820924361,0.0125732059392086,0.00725914383357871,3,"M"
"ENCA",0.0230146372126068,0.0151076589282327,0.00755382946411633,4,0.0153394301411685,0.0104062086326125,0.00424831688447434,6,0.0247573131056925,0.00960615614347374,0.00554611683531214,3,"N"
"ENCA",0.0235758591583171,0.0156630075845854,0.00783150379229271,4,0.0153394301411685,0.0104062086326125,0.00424831688447434,6,0.0240090171780788,0.0083119080169694,0.00479888233107669,3,"O"
"ENCA",0.0298257853992024,0.0123222200028988,0.00616111000144939,4,0.0153394301411685,0.0104062086326125,0.00424831688447434,6,0.0156757821902316,0.0061537244571538,0.00355285447185653,3,"P"
"ENCA",0.0250456803261128,0.0135186621736109,0.00675933108680544,4,0.0153394301411685,0.0104062086326125,0.00424831688447434,6,0.0220492556210178,0.0124665992581292,0.00719759443756008,3,"Q"
"ENCA",0.0256069022718231,0.0140286504228276,0.00701432521141382,4,0.0153394301411685,0.0104062086326125,0.00424831688447434,6,0.0213009596934041,0.0112314910377016,0.00648450437401791,3,"R"
"ENCA",0.0318568285127084,0.00833426738354196,0.00416713369177098,4,0.0153394301411685,0.0104062086326125,0.00424831688447434,6,0.012967724705557,0.0052178791286123,0.00301254391950324,3,"S"
"ENCA",0.0290812225618569,0.0137950095219713,0.00689750476098564,4,0.0153394301411685,0.0104062086326125,0.00424831688447434,6,0.0166685326400257,0.00444136692443136,0.00256422438939035,3,"T"
"ENCA",0.0208991611077793,0.0092056158059608,0.0046028079029804,4,0.0153394301411685,0.0104062086326125,0.00424831688447434,6,0.0275779479121292,0.0164892214349809,0.00952005643421358,3,"V"
"ENCA",0.0214603830534895,0.0102468441472651,0.00512342207363255,4,0.0153394301411685,0.0104062086326125,0.00424831688447434,6,0.0268296519845155,0.0159698469365997,0.00922019542776294,3,"W"
"ENCA",0.0186847771026379,0.012202032378983,0.0061010161894915,4,0.0153394301411685,0.0104062086326125,0.00424831688447434,6,0.0305304599189843,0.00967649199617559,0.00558672525880324,3,"Y"
"ENCA",0.0249347033435233,0.0117010241266498,0.0058505120633249,4,0.0153394301411685,0.0104062086326125,0.00424831688447434,6,0.0221972249311371,0.0150149642564786,0.00866889365535053,3,"Z"
"ENCA",0.0201545982704337,0.0102705756273681,0.00513528781368407,4,0.0153394301411685,0.0104062086326125,0.00424831688447434,6,0.0285706983619233,0.014775120908909,0.0085304200340679,3,"A1"
"ENCA",0.0207158202161439,0.0112629251532162,0.0056314625766081,4,0.0153394301411685,0.0104062086326125,0.00424831688447434,6,0.0278224024343096,0.0142714539860388,0.00823962780056683,3,"B1"
"ENCA",0.0269657464570293,0.0090015296128521,0.00450076480642605,4,0.0153394301411685,0.0104062086326125,0.00424831688447434,6,0.0194891674464625,0.0163642419624535,0.0094478995021067,3,"C1"
"ENCA",0.0241901405061777,0.0128712042832973,0.00643560214164863,4,0.0153394301411685,0.0104062086326125,0.00424831688447434,6,0.0231899753809312,0.0137070810694024,0.00791378694522348,3,"D1"
"ENCA",0.0189226585222912,0.0122127963982075,0.00610639819910377,4,0.0153394301411685,0.0104062086326125,0.00424831688447434,6,0.03021328469278,0.0102101758494757,0.00589484777516819,3,"F1"
"ENCA",0.0251725847631765,0.0115417556619579,0.00577087783097893,4,0.0153394301411685,0.0104062086326125,0.00424831688447434,6,0.0218800497049328,0.0151040742209393,0.0087203413173194,3,"G1"
"ENCA",0.022396978812325,0.0143031532901966,0.00715157664509829,4,0.0153394301411685,0.0104062086326125,0.00424831688447434,6,0.0255808576394016,0.011031052824255,0.00636878131752863,3,"H1"
"ENCA",0.024428021925831,0.0127451312909276,0.0063725656454638,4,0.0153394301411685,0.0104062086326125,0.00424831688447434,6,0.0228728001547269,0.0138388079485524,0.00798983949436024,3,"I1"
"ERFA",0.0135699767741363,0.00561003773180913,0.00280501886590456,4,0.0128942751852644,0.00772260976582533,0.00345365608001783,5,0.0106053574373376,0.00988631392143927,0.00494315696071964,4,"A"
"ERFA",0.0117944712687547,0.00663074420549693,0.00331537210274846,4,0.0128942751852644,0.00772260976582533,0.00345365608001783,5,0.0123808629427191,0.00953283969574226,0.00476641984787113,4,"B"
"ERFA",0.0115234053783331,0.00693493216868656,0.00346746608434328,4,0.0128942751852644,0.00772260976582533,0.00345365608001783,5,0.0126519288331408,0.009280555508014,0.004640277754007,4,"C"
"ERFA",0.0165234177111338,0.00815817342872558,0.00407908671436279,4,0.0128942751852644,0.00772260976582533,0.00345365608001783,5,0.00765191650034008,0.0040057735830182,0.0020028867915091,4,"D"
"ERFA",0.0114496129155586,0.00702270889708851,0.00351135444854426,4,0.0128942751852644,0.00772260976582533,0.00345365608001783,5,0.0127257212959153,0.00920146525622176,0.00460073262811088,4,"E"
"ERFA",0.0123070264511511,0.00668397030207022,0.00334198515103511,4,0.0128942751852644,0.00772260976582533,0.00345365608001783,5,0.0118683077603228,0.00950090854190108,0.00475045427095054,4,"F"
"ERFA",0.0120359605607294,0.00701230854067285,0.00350615427033642,4,0.0128942751852644,0.00772260976582533,0.00345365608001783,5,0.0121393736507444,0.00926776335472927,0.00463388167736463,4,"G"
"ERFA",0.0170359728935302,0.00779749284213926,0.00389874642106963,4,0.0128942751852644,0.00772260976582533,0.00345365608001783,5,0.0071393613179437,0.00299580758812699,0.00149790379406349,4,"H"
"ERFA",0.0119621680979549,0.00710622879567407,0.00355311439783704,4,0.0128942751852644,0.00772260976582533,0.00345365608001783,5,0.0122131661135189,0.00919404973237047,0.00459702486618523,4,"I"
"ERFA",0.0102604550553478,0.00737588221729031,0.00368794110864516,4,0.0128942751852644,0.00772260976582533,0.00345365608001783,5,0.013914879156126,0.00847137470296735,0.00423568735148367,4,"J"
"ERFA",0.0152604673881486,0.00947130018356835,0.00473565009178418,4,0.0128942751852644,0.00772260976582533,0.00345365608001783,5,0.0089148668233253,0.00430361243540756,0.00215180621770378,4,"K"
"ERFA",0.0101866625925733,0.00744179221109508,0.00372089610554754,4,0.0128942751852644,0.00772260976582533,0.00345365608001783,5,0.0139886716189005,0.00836982188836871,0.00418491094418435,4,"L"
"ERFA",0.0149894014977269,0.00981516232660564,0.00490758116330282,4,0.0128942751852644,0.00772260976582533,0.00345365608001783,5,0.00918593271374697,0.00403486390496736,0.00201743195248368,4,"M"
"ERFA",0.00991559670215167,0.00763836334154793,0.00381918167077397,4,0.0128942751852644,0.00772260976582533,0.00345365608001783,5,0.0142597375093222,0.00800908259880373,0.00400454129940187,4,"N"
"ERFA",0.0149156090349524,0.00991184170267529,0.00495592085133764,4,0.0128942751852644,0.00772260976582533,0.00345365608001783,5,0.00925972517652147,0.00393705695006403,0.00196852847503202,4,"O"
"ERFA",0.0132116148870922,0.00611391748464902,0.00305695874232451,4,0.0128942751852644,0.00772260976582533,0.00345365608001783,5,0.0109637193243817,0.00971197001285772,0.00485598500642886,4,"P"
"ERFA",0.0129405489966705,0.00652156989786021,0.0032607849489301,4,0.0128942751852644,0.00772260976582533,0.00345365608001783,5,0.0112347852148033,0.0095184248098771,0.00475921240493855,4,"Q"
"ERFA",0.0179405613294713,0.00648830398415417,0.00324415199207708,4,0.0128942751852644,0.00772260976582533,0.00345365608001783,5,0.0062347728820026,0.00127382395628101,0.000636911978140503,4,"R"
"ERFA",0.012866756533896,0.00663587939780239,0.0033179396989012,4,0.0128942751852644,0.00772260976582533,0.00345365608001783,5,0.0113085776775778,0.00945608420890754,0.00472804210445377,4,"S"
"ERFA",0.0111650434912889,0.00721422063298619,0.0036071103164931,4,0.0128942751852644,0.00772260976582533,0.00345365608001783,5,0.0130102907201849,0.00898643981869782,0.00449321990934891,4,"T"
"ERFA",0.0161650558240897,0.00867673090108372,0.00433836545054186,4,0.0128942751852644,0.00772260976582533,0.00345365608001783,5,0.0080102783873842,0.00393087552024889,0.00196543776012445,4,"U"
"ERFA",0.0110912510285144,0.00729380675599563,0.00364690337799781,4,0.0128942751852644,0.00772260976582533,0.00345365608001783,5,0.0130840831829594,0.00890077718643974,0.00445038859321987,4,"V"
"ERFA",0.015893989933668,0.00908688166056544,0.00454344083028272,4,0.0128942751852644,0.00772260976582533,0.00345365608001783,5,0.00828134427780586,0.00372353379816116,0.00186176689908058,4,"W"
"ERFA",0.0108201851380928,0.00753775928715809,0.00376887964357905,4,0.0128942751852644,0.00772260976582533,0.00345365608001783,5,0.0133551490733811,0.00860053457681753,0.00430026728840876,4,"X"
"ERFA",0.0158201974708935,0.00920090308486198,0.00460045154243099,4,0.0128942751852644,0.00772260976582533,0.00345365608001783,5,0.00835513674058037,0.00364184012075151,0.00182092006037576,4,"Y"
"ERFA",0.0116775986736853,0.00732215680017763,0.00366107840008881,4,0.0128942751852644,0.00772260976582533,0.00345365608001783,5,0.0124977355377886,0.00900048007923385,0.00450024003961693,4,"Z"
"ERFA",0.0166776110064861,0.00836782970904308,0.00418391485452154,4,0.0128942751852644,0.00772260976582533,0.00345365608001783,5,0.00749772320498782,0.00297829438471735,0.00148914719235868,4,"A1"
"ERFA",0.0116038062109108,0.00740739349681808,0.00370369674840904,4,0.0128942751852644,0.00772260976582533,0.00345365608001783,5,0.0125715280005631,0.00892060738527179,0.00446030369263589,4,"B1"
"ERFA",0.0164065451160644,0.00881344596783389,0.00440672298391695,4,0.0128942751852644,0.00772260976582533,0.00345365608001783,5,0.00776878909540949,0.00276652410751822,0.00138326205375911,4,"C1"
"ERFA",0.0113327403204891,0.00767190804814014,0.00383595402407007,4,0.0128942751852644,0.00772260976582533,0.00345365608001783,5,0.0128425938909847,0.00864251660175653,0.00432125830087827,4,"D1"
"ERFA",0.0163327526532899,0.00893660392149844,0.00446830196074922,4,0.0128942751852644,0.00772260976582533,0.00345365608001783,5,0.00784258155818399,0.00267447410053976,0.00133723705026988,4,"E1"
"ERFA",0.0146310396106828,0.0101784734815342,0.0050892367407671,4,0.0128942751852644,0.00772260976582533,0.00345365608001783,5,0.00954429460079109,0.00377090606736806,0.00188545303368403,4,"F1"
"ERFA",0.00955723481510755,0.00779485835394614,0.00389742917697307,4,0.0128942751852644,0.00772260976582533,0.00345365608001783,5,0.0146180993963663,0.0075654690016991,0.00378273450084955,4,"G1"
"ERFA",0.0145572471479083,0.0102683006597494,0.00513415032987471,4,0.0128942751852644,0.00772260976582533,0.00345365608001783,5,0.00961808706356559,0.00365643335079331,0.00182821667539666,4,"H1"
"ERFA",0.0142861812574866,0.0105622708439589,0.00528113542197947,4,0.0128942751852644,0.00772260976582533,0.00345365608001783,5,0.00988915295398726,0.00325887007994878,0.00162943503997439,4,"I1"
"ERFA",0.00988915295398726,0.00325887007994878,0.00162943503997439,4,0.0128942751852644,0.00772260976582533,0.00345365608001783,5,0.0142861812574866,0.0105622708439589,0.00528113542197947,4,"J1"
"ERFA",0.00961808706356559,0.00365643335079331,0.00182821667539666,4,0.0128942751852644,0.00772260976582533,0.00345365608001783,5,0.0145572471479083,0.0102683006597494,0.00513415032987471,4,"K1"
"ERFA",0.0146180993963663,0.0075654690016991,0.00378273450084955,4,0.0128942751852644,0.00772260976582533,0.00345365608001783,5,0.00955723481510755,0.00779485835394614,0.00389742917697307,4,"L1"
"ERFA",0.00954429460079109,0.00377090606736806,0.00188545303368403,4,0.0128942751852644,0.00772260976582533,0.00345365608001783,5,0.0146310396106828,0.0101784734815342,0.0050892367407671,4,"M1"
"ERFA",0.0128425938909847,0.00864251660175653,0.00432125830087827,4,0.0128942751852644,0.00772260976582533,0.00345365608001783,5,0.0113327403204891,0.00767190804814014,0.00383595402407007,4,"O1"
"ERFA",0.0125715280005631,0.00892060738527179,0.00446030369263589,4,0.0128942751852644,0.00772260976582533,0.00345365608001783,5,0.0116038062109108,0.00740739349681808,0.00370369674840904,4,"Q1"
"ERFA",0.0124977355377886,0.00900048007923385,0.00450024003961693,4,0.0128942751852644,0.00772260976582533,0.00345365608001783,5,0.0116775986736853,0.00732215680017763,0.00366107840008881,4,"S1"
"ERFA",0.00835513674058037,0.00364184012075151,0.00182092006037576,4,0.0128942751852644,0.00772260976582533,0.00345365608001783,5,0.0158201974708935,0.00920090308486198,0.00460045154243099,4,"T1"
"ERFA",0.0133551490733811,0.00860053457681753,0.00430026728840876,4,0.0128942751852644,0.00772260976582533,0.00345365608001783,5,0.0108201851380928,0.00753775928715809,0.00376887964357905,4,"U1"
"ERFA",0.00828134427780586,0.00372353379816116,0.00186176689908058,4,0.0128942751852644,0.00772260976582533,0.00345365608001783,5,0.015893989933668,0.00908688166056544,0.00454344083028272,4,"V1"
"ERFA",0.0130840831829594,0.00890077718643974,0.00445038859321987,4,0.0128942751852644,0.00772260976582533,0.00345365608001783,5,0.0110912510285144,0.00729380675599563,0.00364690337799781,4,"W1"
"ERFA",0.0080102783873842,0.00393087552024889,0.00196543776012445,4,0.0128942751852644,0.00772260976582533,0.00345365608001783,5,0.0161650558240897,0.00867673090108372,0.00433836545054186,4,"X1"
"ERFA",0.0130102907201849,0.00898643981869782,0.00449321990934891,4,0.0128942751852644,0.00772260976582533,0.00345365608001783,5,0.0111650434912889,0.00721422063298619,0.0036071103164931,4,"Y1"
"ERFA",0.0113085776775778,0.00945608420890754,0.00472804210445377,4,0.0128942751852644,0.00772260976582533,0.00345365608001783,5,0.012866756533896,0.00663587939780239,0.0033179396989012,4,"Z1"
"ERFA",0.0112347852148033,0.0095184248098771,0.00475921240493855,4,0.0128942751852644,0.00772260976582533,0.00345365608001783,5,0.0129405489966705,0.00652156989786021,0.0032607849489301,4,"B2"
"ERFA",0.0109637193243817,0.00971197001285772,0.00485598500642886,4,0.0128942751852644,0.00772260976582533,0.00345365608001783,5,0.0132116148870922,0.00611391748464902,0.00305695874232451,4,"C2"
"ERFA",0.00925972517652147,0.00393705695006403,0.00196852847503202,4,0.0128942751852644,0.00772260976582533,0.00345365608001783,5,0.0149156090349524,0.00991184170267529,0.00495592085133764,4,"D2"
"ERFA",0.0142597375093222,0.00800908259880373,0.00400454129940187,4,0.0128942751852644,0.00772260976582533,0.00345365608001783,5,0.00991559670215167,0.00763836334154793,0.00381918167077397,4,"E2"
"ERFA",0.00918593271374697,0.00403486390496736,0.00201743195248368,4,0.0128942751852644,0.00772260976582533,0.00345365608001783,5,0.0149894014977269,0.00981516232660564,0.00490758116330282,4,"F2"
"ERFA",0.0139886716189005,0.00836982188836871,0.00418491094418435,4,0.0128942751852644,0.00772260976582533,0.00345365608001783,5,0.0101866625925733,0.00744179221109508,0.00372089610554754,4,"G2"
"ERFA",0.0089148668233253,0.00430361243540756,0.00215180621770378,4,0.0128942751852644,0.00772260976582533,0.00345365608001783,5,0.0152604673881486,0.00947130018356835,0.00473565009178418,4,"H2"
"ERFA",0.013914879156126,0.00847137470296735,0.00423568735148367,4,0.0128942751852644,0.00772260976582533,0.00345365608001783,5,0.0102604550553478,0.00737588221729031,0.00368794110864516,4,"I2"
"ERFA",0.0122131661135189,0.00919404973237047,0.00459702486618523,4,0.0128942751852644,0.00772260976582533,0.00345365608001783,5,0.0119621680979549,0.00710622879567407,0.00355311439783704,4,"J2"
"ERFA",0.0121393736507444,0.00926776335472927,0.00463388167736463,4,0.0128942751852644,0.00772260976582533,0.00345365608001783,5,0.0120359605607294,0.00701230854067285,0.00350615427033642,4,"L2"
"ERFA",0.0118683077603228,0.00950090854190108,0.00475045427095054,4,0.0128942751852644,0.00772260976582533,0.00345365608001783,5,0.0123070264511511,0.00668397030207022,0.00334198515103511,4,"M2"
"ERFA",0.0127257212959153,0.00920146525622176,0.00460073262811088,4,0.0128942751852644,0.00772260976582533,0.00345365608001783,5,0.0114496129155586,0.00702270889708851,0.00351135444854426,4,"N2"
"ERFA",0.0126519288331408,0.009280555508014,0.004640277754007,4,0.0128942751852644,0.00772260976582533,0.00345365608001783,5,0.0115234053783331,0.00693493216868656,0.00346746608434328,4,"P2"
"ERFA",0.0123808629427191,0.00953283969574226,0.00476641984787113,4,0.0128942751852644,0.00772260976582533,0.00345365608001783,5,0.0117944712687547,0.00663074420549693,0.00331537210274846,4,"Q2"
"ERFA",0.0106053574373376,0.00988631392143927,0.00494315696071964,4,0.0128942751852644,0.00772260976582533,0.00345365608001783,5,0.0135699767741363,0.00561003773180913,0.00280501886590456,4,"R2"
"ERPA",0.00851099495515323,0.00516412356916111,0.00258206178458055,4,0.00981952258631522,0.0062124644857575,0.00277829857959141,5,0.018037969504375,0.0203125712937355,0.0117274685043717,3,"A"
"ERPA",0.0168789984870009,0.0171378905029114,0.00856894525145571,4,0.00981952258631522,0.0062124644857575,0.00277829857959141,5,0.00688063146191145,0.00203780440152363,0.00117652691977547,3,"B"
"ERPA",0.00857541601169155,0.00515599360675035,0.00257799680337518,4,0.00981952258631522,0.0062124644857575,0.00277829857959141,5,0.0179520747623239,0.0203755242845267,0.0117638144305513,3,"C"
"ERPA",0.00766257575610006,0.00555617139548358,0.00277808569774179,4,0.00981952258631522,0.0062124644857575,0.00277829857959141,5,0.0191691951031125,0.0192511204941984,0.0111146395995274,3,"D"
"ERPA",0.0165888155058401,0.0173226431703761,0.00866132158518806,4,0.00981952258631522,0.0062124644857575,0.00277829857959141,5,0.00726754210345912,0.00241145085159701,0.00139225179830709,3,"E"
"ERPA",0.0082852330305308,0.00515028705471022,0.00257514352735511,4,0.00981952258631522,0.0062124644857575,0.00277829857959141,5,0.0183389854038715,0.0200990910393847,0.0116042156220555,3,"F"
"ERPA",0.00737239277493931,0.00548687999059686,0.00274343999529843,4,0.00981952258631522,0.0062124644857575,0.00277829857959141,5,0.0195561057446602,0.018921003160155,0.0109240462678532,3,"G"
"ERPA",0.0166532365623785,0.0172801151506114,0.00864005757530572,4,0.00981952258631522,0.0062124644857575,0.00277829857959141,5,0.00718164736140802,0.00236667768523178,0.00136640199865365,3,"H"
"ERPA",0.015740396306787,0.0179597469226182,0.0089798734613091,4,0.00981952258631522,0.0062124644857575,0.00277829857959141,5,0.00839876770219669,0.000609534645862619,0.000351914991869186,3,"I"
"ERPA",0.00743681383147763,0.00549704918548434,0.00274852459274217,4,0.00981952258631522,0.0062124644857575,0.00277829857959141,5,0.0194702110026091,0.0189988683256429,0.0109690017421082,3,"J"
"ERPA",0.0183060852929227,0.0156862600102305,0.00784313000511527,4,0.00981952258631522,0.0062124644857575,0.00277829857959141,5,0.00497784905401571,0.00300786933902736,0.00173659417257467,3,"K"
"ERPA",0.0100025028176134,0.00324585175334407,0.00162292587667203,4,0.00981952258631522,0.0062124644857575,0.00277829857959141,5,0.0160492923544281,0.0219830904032452,0.0126919431619335,3,"L"
"ERPA",0.00908966256202186,0.00427740538959582,0.00213870269479791,4,0.00981952258631522,0.0062124644857575,0.00277829857959141,5,0.0172664126952168,0.0211103685332182,0.0121880769553458,3,"M"
"ERPA",0.018370506349461,0.0156298482855075,0.00781492414275377,4,0.00981952258631522,0.0062124644857575,0.00277829857959141,5,0.00489195431196461,0.00287111968318853,0.00165764172196453,3,"N"
"ERPA",0.0174576660938695,0.0165052275146708,0.0082526137573354,4,0.00981952258631522,0.0062124644857575,0.00277829857959141,5,0.00610907465275327,0.00337256481151147,0.00194715120178561,3,"O"
"ERPA",0.00915408361856019,0.00425592360041601,0.00212796180020801,4,0.00981952258631522,0.0062124644857575,0.00277829857959141,5,0.0171805179531657,0.0211662533032004,0.0122203420423385,3,"P"
"ERPA",0.0180803233683003,0.0158686166213144,0.0079343083106572,4,0.00981952258631522,0.0062124644857575,0.00277829857959141,5,0.00527886495351227,0.00349486733964865,0.00201776259932818,3,"Q"
"ERPA",0.0171674831127088,0.0167103858764385,0.00835519293821925,4,0.00981952258631522,0.0062124644857575,0.00277829857959141,5,0.00649598529430094,0.00373258790368156,0.00215501063096449,3,"R"
"ERPA",0.00886390063739944,0.0043013785785113,0.00215068928925565,4,0.00981952258631522,0.0062124644857575,0.00277829857959141,5,0.0175674285947134,0.0209216949661217,0.0120791462205936,3,"S"
"ERPA",0.0172319041692471,0.0166633130061233,0.00833165650306164,4,0.00981952258631522,0.0062124644857575,0.00277829857959141,5,0.00641009055224984,0.00367688217046926,0.00212284891089896,3,"T"
"ERPA",0.0151570620256845,0.0177496764710044,0.00887483823550222,4,0.00981952258631522,0.0062124644857575,0.00277829857959141,5,0.00917654674366661,0.00521213017747348,0.00300922476101568,3,"U"
"ERPA",0.00685347955037519,0.00313039138314113,0.00156519569157056,4,0.00981952258631522,0.0062124644857575,0.00277829857959141,5,0.020247990044079,0.0190241519254839,0.0109835992352824,3,"V"
"ERPA",0.0152214830822228,0.017715117505319,0.00885755875265949,4,0.00981952258631522,0.0062124644857575,0.00277829857959141,5,0.00909065200161551,0.00523872975314348,0.00302458203318909,3,"X"
"ERPA",0.0143086428266313,0.0182836070173797,0.00914180350868986,4,0.00981952258631522,0.0062124644857575,0.00277829857959141,5,0.0103077723424042,0.00390438132236518,0.00225419560748648,3,"Y"
"ERPA",0.00600506035132201,0.00320190112865706,0.00160095056432853,4,0.00981952258631522,0.0062124644857575,0.00277829857959141,5,0.0213792156428166,0.0176755013727532,0.0102049554756207,3,"Z"
"ERPA",0.0149313001010621,0.0178580358115998,0.00892901790579989,4,0.00981952258631522,0.0062124644857575,0.00277829857959141,5,0.00947756264316318,0.00515184398664385,0.00297441851251178,3,"A1"
"ERPA",0.0140184598454706,0.0184029336022618,0.00920146680113089,4,0.00981952258631522,0.0062124644857575,0.00277829857959141,5,0.0106946829839518,0.00359564321241637,0.00207594557659844,3,"B1"
"ERPA",0.0140828809020089,0.0183749268965164,0.00918746344825821,4,0.00981952258631522,0.0062124644857575,0.00277829857959141,5,0.0106087882419007,0.0036875246864001,0.00212899337033649,3,"D1"
"ERPA",0.0166485698881446,0.0165071085521387,0.00825355427606936,4,0.00981952258631522,0.0062124644857575,0.00277829857959141,5,0.00718786959371977,0.0067048106028712,0.00387102420643314,3,"E1"
"ERPA",0.0157357296325531,0.0172169510323381,0.00860847551616903,4,0.00981952258631522,0.0062124644857575,0.00277829857959141,5,0.00840498993450843,0.00630096300755461,0.00363786268856553,3,"F1"
"ERPA",0.00743214715724382,0.0019962738876979,0.00099813694384895,4,0.00981952258631522,0.0062124644857575,0.00277829857959141,5,0.0194764332349209,0.0200020232155764,0.0115481734878502,3,"G1"
"ERPA",0.0158001506890915,0.0171784273797751,0.00858921368988754,4,0.00981952258631522,0.0062124644857575,0.00277829857959141,5,0.00831909519245733,0.00630724228508874,0.00364148803114017,3,"H1"
"ERPA",0.0155099677079307,0.0173386910513268,0.0086693455256634,4,0.00981952258631522,0.0062124644857575,0.00277829857959141,5,0.008706005834005,0.0063066697153985,0.00364115745787539,3,"I1"
"ISME",0.013717594489443,0.00633775127007502,0.00316887563503751,4,0.0304121917476425,0.0125293299106082,0.00560328667852827,5,0.0280773386045546,0.0217350325051041,0.010867516252552,4,"A"
"ISME",0.0137646473020807,0.00629969547613394,0.00314984773806697,4,0.0304121917476425,0.0125293299106082,0.00560328667852827,5,0.028030285791917,0.0217873458476803,0.0108936729238402,4,"B"
"ISME",0.0223016153559781,0.015670214727136,0.00783510736356801,4,0.0304121917476425,0.0125293299106082,0.00560328667852827,5,0.0194933177380195,0.0199808302277879,0.00999041511389397,4,"C"
"ISME",0.0134401984487864,0.00658501077426607,0.00329250538713304,4,0.0304121917476425,0.0125293299106082,0.00560328667852827,5,0.0283547346452112,0.0214100195312089,0.0107050097656045,4,"D"
"ISME",0.0236271253173239,0.0181607166307931,0.00908035831539656,4,0.0304121917476425,0.0125293299106082,0.00560328667852827,5,0.0181678077766737,0.0173310656330337,0.00866553281651687,4,"E"
"ISME",0.019357918473913,0.0169059637654716,0.0084529818827358,4,0.0304121917476425,0.0125293299106082,0.00560328667852827,5,0.0224370146200846,0.0189186344724605,0.00945931723623026,4,"G"
"ISME",0.0206834284352588,0.0195057087856303,0.00975285439281513,4,0.0304121917476425,0.0125293299106082,0.00560328667852827,5,0.0211115046587388,0.0164149948257186,0.00820749741285932,4,"I"
"ISME",0.0194049712865507,0.0168707725909744,0.00843538629548718,4,0.0304121917476425,0.0125293299106082,0.00560328667852827,5,0.022389961807447,0.0189600584502613,0.00948002922513064,4,"J"
"ISME",0.0207304812478965,0.0194709454045881,0.00973547270229407,4,0.0304121917476425,0.0125293299106082,0.00560328667852827,5,0.0210644518461012,0.0164576676356289,0.00822883381781446,4,"L"
"ISME",0.0190805224332564,0.0171224753667648,0.0085612376833824,4,0.0304121917476425,0.0125293299106082,0.00560328667852827,5,0.0227144106607412,0.0186564815745508,0.00932824078727541,4,"M"
"ISME",0.0292674493017939,0.0206496547948504,0.0103248273974252,4,0.0304121917476425,0.0125293299106082,0.00560328667852827,5,0.0125274837922037,0.00606803289424067,0.00303401644712033,4,"N"
"ISME",0.0204060323946022,0.0197185379017525,0.00985926895087626,4,0.0304121917476425,0.0125293299106082,0.00560328667852827,5,0.0213889006993954,0.0161425567824419,0.00807127839122095,4,"O"
"ISME",0.0143370610413872,0.00560995237891734,0.00280497618945867,4,0.0304121917476425,0.0125293299106082,0.00560328667852827,5,0.0274578720526104,0.0224455981528312,0.0112227990764156,4,"P"
"ISME",0.0228740290952847,0.0149769787133472,0.00748848935667361,4,0.0304121917476425,0.0125293299106082,0.00560328667852827,5,0.0189209039987129,0.0203793737177431,0.0101896868588715,4,"Q"
"ISME",0.014012612188093,0.0059701775614945,0.00298508878074725,4,0.0304121917476425,0.0125293299106082,0.00560328667852827,5,0.0277823209059046,0.0220907361646362,0.0110453680823181,4,"R"
"ISME",0.0241995390566305,0.0175083575289128,0.00875417876445642,4,0.0304121917476425,0.0125293299106082,0.00560328667852827,5,0.0175953940373671,0.0177321128335865,0.00886605641679325,4,"S"
"ISME",0.0229210819079224,0.0149224685392724,0.00746123426963619,4,0.0304121917476425,0.0125293299106082,0.00560328667852827,5,0.0188738511860753,0.0204070276672222,0.0102035138336111,4,"T"
"ISME",0.0140596650007307,0.00592664111841261,0.0029633205592063,4,0.0304121917476425,0.0125293299106082,0.00560328667852827,5,0.027735268093267,0.0221413732248944,0.0110706866124472,4,"U"
"ISME",0.0242465918692681,0.0174569883435678,0.00872849417178391,4,0.0304121917476425,0.0125293299106082,0.00560328667852827,5,0.0175483412247295,0.0177592064397057,0.00887960321985287,4,"V"
"ISME",0.0225966330546281,0.0153061553086472,0.00765307765432359,4,0.0304121917476425,0.0125293299106082,0.00560328667852827,5,0.0191983000393695,0.0202007275778068,0.0101003637889034,4,"W"
"ISME",0.0327835599231656,0.0164921750969719,0.00824608754848595,4,0.0304121917476425,0.0125293299106082,0.00560328667852827,5,0.00901137317083201,0.00114476275818431,0.000572381379092153,4,"X"
"ISME",0.0239221430159739,0.0178182937516368,0.00890914687581842,4,0.0304121917476425,0.0125293299106082,0.00560328667852827,5,0.0178727900780237,0.0175544540500517,0.00877722702502587,4,"Y"
"ISME",0.0199773850258572,0.0163645584491954,0.00818227922459772,4,0.0304121917476425,0.0125293299106082,0.00560328667852827,5,0.0218175480681404,0.0194933490352051,0.00974667451760256,4,"Z"
"ISME",0.021302894987203,0.0189807853736346,0.00949039268681731,4,0.0304121917476425,0.0125293299106082,0.00560328667852827,5,0.0204920381067946,0.017009948771428,0.00850497438571399,4,"B1"
"ISME",0.019652936172563,0.016638816626284,0.00831940831314198,4,0.0304121917476425,0.0125293299106082,0.00560328667852827,5,0.0221419969214346,0.0192111008411657,0.00960555042058285,4,"C1"
"ISME",0.0298398630411005,0.0198627692123185,0.00993138460615924,4,0.0304121917476425,0.0125293299106082,0.00560328667852827,5,0.0119550700528971,0.00650180094982698,0.00325090047491349,4,"D1"
"ISME",0.0209784461339088,0.0192475579243512,0.00962377896217561,4,0.0304121917476425,0.0125293299106082,0.00560328667852827,5,0.0208164869600888,0.0167200754571566,0.00836003772857832,4,"E1"
"ISME",0.0196999889852007,0.0166019444222669,0.00830097221113344,4,0.0304121917476425,0.0125293299106082,0.00560328667852827,5,0.022094944108797,0.0192509341218599,0.00962546706092997,4,"F1"
"ISME",0.0298869158537381,0.019799640009235,0.00989982000461749,4,0.0304121917476425,0.0125293299106082,0.00560328667852827,5,0.0119080172402595,0.00652129499888339,0.0032606474994417,4,"G1"
"ISME",0.0210254989465465,0.019211364050215,0.00960568202510752,4,0.0304121917476425,0.0125293299106082,0.00560328667852827,5,0.0207694341474512,0.0167608673722296,0.0083804336861148,4,"H1"
"ISME",0.0295624670004439,0.0202398341334946,0.0101199170667473,4,0.0304121917476425,0.0125293299106082,0.00560328667852827,5,0.0122324660935537,0.00633851111489692,0.00316925555744846,4,"I1"
"ISME",0.0207694341474512,0.0167608673722296,0.0083804336861148,4,0.0304121917476425,0.0125293299106082,0.00560328667852827,5,0.0210254989465465,0.019211364050215,0.00960568202510752,4,"K1"
"ISME",0.0119080172402595,0.00652129499888339,0.0032606474994417,4,0.0304121917476425,0.0125293299106082,0.00560328667852827,5,0.0298869158537381,0.019799640009235,0.00989982000461749,4,"L1"
"ISME",0.022094944108797,0.0192509341218599,0.00962546706092997,4,0.0304121917476425,0.0125293299106082,0.00560328667852827,5,0.0196999889852007,0.0166019444222669,0.00830097221113344,4,"M1"
"ISME",0.0208164869600888,0.0167200754571566,0.00836003772857832,4,0.0304121917476425,0.0125293299106082,0.00560328667852827,5,0.0209784461339088,0.0192475579243512,0.00962377896217561,4,"N1"
"ISME",0.0221419969214346,0.0192111008411657,0.00960555042058285,4,0.0304121917476425,0.0125293299106082,0.00560328667852827,5,0.019652936172563,0.016638816626284,0.00831940831314198,4,"P1"
"ISME",0.0204920381067946,0.017009948771428,0.00850497438571399,4,0.0304121917476425,0.0125293299106082,0.00560328667852827,5,0.021302894987203,0.0189807853736346,0.00949039268681731,4,"Q1"
"ISME",0.0306789649753321,0.0196016177689654,0.00980080888448268,4,0.0304121917476425,0.0125293299106082,0.00560328667852827,5,0.0111159681186655,0.0032684726336635,0.00163423631683175,4,"R1"
"ISME",0.0218175480681404,0.0194933490352051,0.00974667451760256,4,0.0304121917476425,0.0125293299106082,0.00560328667852827,5,0.0199773850258572,0.0163645584491954,0.00818227922459772,4,"S1"
"ISME",0.0178727900780237,0.0175544540500517,0.00877722702502587,4,0.0304121917476425,0.0125293299106082,0.00560328667852827,5,0.0239221430159739,0.0178182937516368,0.00890914687581842,4,"T1"
"ISME",0.0191983000393695,0.0202007275778068,0.0101003637889034,4,0.0304121917476425,0.0125293299106082,0.00560328667852827,5,0.0225966330546281,0.0153061553086472,0.00765307765432359,4,"V1"
"ISME",0.0175483412247295,0.0177592064397057,0.00887960321985287,4,0.0304121917476425,0.0125293299106082,0.00560328667852827,5,0.0242465918692681,0.0174569883435678,0.00872849417178391,4,"W1"
"ISME",0.027735268093267,0.0221413732248944,0.0110706866124472,4,0.0304121917476425,0.0125293299106082,0.00560328667852827,5,0.0140596650007307,0.00592664111841261,0.0029633205592063,4,"X1"
"ISME",0.0188738511860753,0.0204070276672222,0.0102035138336111,4,0.0304121917476425,0.0125293299106082,0.00560328667852827,5,0.0229210819079224,0.0149224685392724,0.00746123426963619,4,"Y1"
"ISME",0.0175953940373671,0.0177321128335865,0.00886605641679325,4,0.0304121917476425,0.0125293299106082,0.00560328667852827,5,0.0241995390566305,0.0175083575289128,0.00875417876445642,4,"Z1"
"ISME",0.0277823209059046,0.0220907361646362,0.0110453680823181,4,0.0304121917476425,0.0125293299106082,0.00560328667852827,5,0.014012612188093,0.0059701775614945,0.00298508878074725,4,"A2"
"ISME",0.0189209039987129,0.0203793737177431,0.0101896868588715,4,0.0304121917476425,0.0125293299106082,0.00560328667852827,5,0.0228740290952847,0.0149769787133472,0.00748848935667361,4,"B2"
"ISME",0.0274578720526104,0.0224455981528312,0.0112227990764156,4,0.0304121917476425,0.0125293299106082,0.00560328667852827,5,0.0143370610413872,0.00560995237891734,0.00280497618945867,4,"C2"
"ISME",0.0213889006993954,0.0161425567824419,0.00807127839122095,4,0.0304121917476425,0.0125293299106082,0.00560328667852827,5,0.0204060323946022,0.0197185379017525,0.00985926895087626,4,"D2"
"ISME",0.0125274837922037,0.00606803289424067,0.00303401644712033,4,0.0304121917476425,0.0125293299106082,0.00560328667852827,5,0.0292674493017939,0.0206496547948504,0.0103248273974252,4,"E2"
"ISME",0.0227144106607412,0.0186564815745508,0.00932824078727541,4,0.0304121917476425,0.0125293299106082,0.00560328667852827,5,0.0190805224332564,0.0171224753667648,0.0085612376833824,4,"F2"
"ISME",0.0210644518461012,0.0164576676356289,0.00822883381781446,4,0.0304121917476425,0.0125293299106082,0.00560328667852827,5,0.0207304812478965,0.0194709454045881,0.00973547270229407,4,"G2"
"ISME",0.0312513787146387,0.0187133692197996,0.0093566846098998,4,0.0304121917476425,0.0125293299106082,0.00560328667852827,5,0.010543554379359,0.00373907963316893,0.00186953981658446,4,"H2"
"ISME",0.022389961807447,0.0189600584502613,0.00948002922513064,4,0.0304121917476425,0.0125293299106082,0.00560328667852827,5,0.0194049712865507,0.0168707725909744,0.00843538629548718,4,"I2"
"ISME",0.0211115046587388,0.0164149948257186,0.00820749741285932,4,0.0304121917476425,0.0125293299106082,0.00560328667852827,5,0.0206834284352588,0.0195057087856303,0.00975285439281513,4,"J2"
"ISME",0.0312984315272763,0.018641599247828,0.00932079962391401,4,0.0304121917476425,0.0125293299106082,0.00560328667852827,5,0.0104965015667213,0.00374933068974676,0.00187466534487338,4,"K2"
"ISME",0.0224370146200846,0.0189186344724605,0.00945931723623026,4,0.0304121917476425,0.0125293299106082,0.00560328667852827,5,0.019357918473913,0.0169059637654716,0.0084529818827358,4,"L2"
"ISME",0.0309739826739821,0.0191404180418609,0.00957020902093045,4,0.0304121917476425,0.0125293299106082,0.00560328667852827,5,0.0108209504200155,0.00359557427357354,0.00179778713678677,4,"M2"
"ISME",0.0181678077766737,0.0173310656330337,0.00866553281651687,4,0.0304121917476425,0.0125293299106082,0.00560328667852827,5,0.0236271253173239,0.0181607166307931,0.00908035831539656,4,"N2"
"ISME",0.0283547346452112,0.0214100195312089,0.0107050097656045,4,0.0304121917476425,0.0125293299106082,0.00560328667852827,5,0.0134401984487864,0.00658501077426607,0.00329250538713304,4,"O2"
"ISME",0.0194933177380195,0.0199808302277879,0.00999041511389397,4,0.0304121917476425,0.0125293299106082,0.00560328667852827,5,0.0223016153559781,0.015670214727136,0.00783510736356801,4,"P2"
"ISME",0.028030285791917,0.0217873458476803,0.0108936729238402,4,0.0304121917476425,0.0125293299106082,0.00560328667852827,5,0.0137646473020807,0.00629969547613394,0.00314984773806697,4,"Q2"
"ISME",0.0280773386045546,0.0217350325051041,0.010867516252552,4,0.0304121917476425,0.0125293299106082,0.00560328667852827,5,0.013717594489443,0.00633775127007502,0.00316887563503751,4,"R2"
"LUAL",0.0446712744639928,0.0224160396148002,0.0112080198074001,4,0.0134544805996267,0.00301647094673673,0.0013490068178113,5,0.0252237204685529,0.0159471918823349,0.00797359594116745,4,"A"
"LUAL",0.04596724372045,0.0214893286281923,0.0107446643140962,4,0.0134544805996267,0.00301647094673673,0.0013490068178113,5,0.0239277512120956,0.0149436474900547,0.00747182374502734,4,"B"
"LUAL",0.0373314990466587,0.0314078392802179,0.0157039196401089,4,0.0134544805996267,0.00301647094673673,0.0013490068178113,5,0.0325634958858869,0.00270586909056098,0.00135293454528049,4,"C"
"LUAL",0.0452099681036824,0.0219985118616614,0.0109992559308307,4,0.0134544805996267,0.00301647094673673,0.0013490068178113,5,0.0246850268288633,0.0156251932744472,0.00781259663722361,4,"D"
"LUAL",0.0444460948403903,0.0226035082031868,0.0113017541015934,4,0.0134544805996267,0.00301647094673673,0.0013490068178113,5,0.0254489000921553,0.0160441830555986,0.00802209152779932,4,"E"
"LUAL",0.0385746179813118,0.0198347592034139,0.00991737960170697,4,0.0134544805996267,0.00301647094673673,0.0013490068178113,5,0.0313203769512338,0.0240921076414859,0.012046053820743,4,"F"
"LUAL",0.0299388733075206,0.0273466010151178,0.0136733005075589,4,0.0134544805996267,0.00301647094673673,0.0013490068178113,5,0.039956121625025,0.0139354429028381,0.00696772145141905,4,"G"
"LUAL",0.0378173423645442,0.0200158005415286,0.0100079002707643,4,0.0134544805996267,0.00301647094673673,0.0013490068178113,5,0.0320776525680014,0.0242143559606567,0.0121071779803283,4,"H"
"LUAL",0.0370534691012522,0.0203115136286883,0.0101557568143442,4,0.0134544805996267,0.00301647094673673,0.0013490068178113,5,0.0328415258312934,0.0241773744491286,0.0120886872245643,4,"I"
"LUAL",0.0312348425639778,0.02753294336884,0.01376647168442,4,0.0134544805996267,0.00301647094673673,0.0013490068178113,5,0.0386601523685678,0.0146325052833349,0.00731625264166746,4,"J"
"LUAL",0.0391133116210014,0.0195865084082817,0.00979325420414085,4,0.0134544805996267,0.00301647094673673,0.0013490068178113,5,0.0307816833115442,0.0240628621197828,0.0120314310598914,4,"K"
"LUAL",0.0383494383577094,0.0199548618028617,0.00997743090143085,4,0.0134544805996267,0.00301647094673673,0.0013490068178113,5,0.0315455565748362,0.0240805236121051,0.0120402618060526,4,"L"
"LUAL",0.0304775669472102,0.0273944449599367,0.0136972224799683,4,0.0134544805996267,0.00301647094673673,0.0013490068178113,5,0.0394174279853355,0.0143245816796748,0.00716229083983742,4,"M"
"LUAL",0.0297136936839182,0.02733916313094,0.01366958156547,4,0.0134544805996267,0.00301647094673673,0.0013490068178113,5,0.0401813012486275,0.0137278167393318,0.00686390836966592,4,"N"
"LUAL",0.0375921627409418,0.0201235280239299,0.0100617640119649,4,0.0134544805996267,0.00301647094673673,0.0013490068178113,5,0.0323028321916038,0.0241934345083814,0.0120967172541907,4,"O"
"LUAL",0.0485757216618525,0.0176634946889447,0.00883174734447236,4,0.0134544805996267,0.00301647094673673,0.0013490068178113,5,0.0213192732706932,0.0142005270320625,0.00710026351603124,4,"P"
"LUAL",0.0399399769880612,0.0299454487353094,0.0149727243676547,4,0.0134544805996267,0.00301647094673673,0.0013490068178113,5,0.0299550179444844,0.00676267899487243,0.00338133949743621,4,"Q"
"LUAL",0.0478184460450848,0.0184230803208545,0.00921154016042724,4,0.0134544805996267,0.00301647094673673,0.0013490068178113,5,0.0220765488874608,0.0150916068458669,0.00754580342293347,4,"R"
"LUAL",0.0470545727817928,0.0192797148567796,0.00963985742838981,4,0.0134544805996267,0.00301647094673673,0.0013490068178113,5,0.0228404221507528,0.0156951967089981,0.00784759835449904,4,"S"
"LUAL",0.0412359462445184,0.0295363045933152,0.0147681522966576,4,0.0134544805996267,0.00301647094673673,0.0013490068178113,5,0.0286590486880272,0.00557534525877942,0.00278767262938971,4,"T"
"LUAL",0.0491144153015421,0.0169660229404664,0.00848301147023319,4,0.0134544805996267,0.00301647094673673,0.0013490068178113,5,0.0207805796310036,0.0136337779648508,0.00681688898242539,4,"U"
"LUAL",0.0483505420382501,0.017966171941735,0.00898308597086752,4,0.0134544805996267,0.00301647094673673,0.0013490068178113,5,0.0215444528942956,0.0143910523420721,0.00719552617103607,4,"V"
"LUAL",0.0404786706277508,0.0297486500258714,0.0148743250129357,4,0.0134544805996267,0.00301647094673673,0.0013490068178113,5,0.0294163243047948,0.00650877480075025,0.00325438740037512,4,"W"
"LUAL",0.0397147973644588,0.0300387850333342,0.0150193925166671,4,0.0134544805996267,0.00301647094673673,0.0013490068178113,5,0.0301801975680869,0.00678201027851049,0.00339100513925525,4,"X"
"LUAL",0.0475932664214824,0.0187013221463084,0.00935066107315422,4,0.0134544805996267,0.00301647094673673,0.0013490068178113,5,0.0223017285110632,0.0152561229875707,0.00762806149378533,4,"Y"
"LUAL",0.0338433205053803,0.0266598665812331,0.0133299332906166,4,0.0134544805996267,0.00301647094673673,0.0013490068178113,5,0.0360516744271654,0.0171735347086618,0.00858676735433089,4,"Z"
"LUAL",0.0417217895624039,0.0167783986088971,0.00838919930444855,4,0.0134544805996267,0.00301647094673673,0.0013490068178113,5,0.0281732053701417,0.0245975456009826,0.0122987728004913,4,"A1"
"LUAL",0.0409579162991119,0.017360683031173,0.00868034151558648,4,0.0134544805996267,0.00301647094673673,0.0013490068178113,5,0.0289370786334337,0.0247225199184081,0.0123612599592041,4,"B1"
"LUAL",0.0330860448886127,0.0266159481305,0.01330797406525,4,0.0134544805996267,0.00301647094673673,0.0013490068178113,5,0.036808950043933,0.0170669648287424,0.0085334824143712,4,"C1"
"LUAL",0.0323221716253206,0.0266588892943576,0.0133294446471788,4,0.0134544805996267,0.00301647094673673,0.0013490068178113,5,0.037572823307225,0.0167288391134212,0.00836441955671061,4,"D1"
"LUAL",0.0402006406823443,0.0177036931320137,0.00885184656600683,4,0.0134544805996267,0.00301647094673673,0.0013490068178113,5,0.0296943542502014,0.0249383482139323,0.0124691741069662,4,"E1"
"LUAL",0.0343820141450699,0.0266037349142333,0.0133018674571166,4,0.0134544805996267,0.00301647094673673,0.0013490068178113,5,0.0355129807874758,0.0173297017707668,0.00866485088538339,4,"F1"
"LUAL",0.0336181408817779,0.0266961847139929,0.0133480923569964,4,0.0134544805996267,0.00301647094673673,0.0013490068178113,5,0.0362768540507678,0.0170742852399274,0.00853714261996369,4,"G1"
"LUAL",0.0414966099388015,0.0169759626302913,0.00848798131514567,4,0.0134544805996267,0.00301647094673673,0.0013490068178113,5,0.0283983849937441,0.0246246020647794,0.0123123010323897,4,"H1"
"LUAL",0.0328608652650102,0.0266437940041895,0.0133218970020948,4,0.0134544805996267,0.00301647094673673,0.0013490068178113,5,0.0370341296675354,0.0169536863964172,0.00847684319820861,4,"I1"
"LUAL",0.0370341296675354,0.0169536863964172,0.00847684319820861,4,0.0134544805996267,0.00301647094673673,0.0013490068178113,5,0.0328608652650102,0.0266437940041895,0.0133218970020948,4,"J1"
"LUAL",0.0283983849937441,0.0246246020647794,0.0123123010323897,4,0.0134544805996267,0.00301647094673673,0.0013490068178113,5,0.0414966099388015,0.0169759626302913,0.00848798131514567,4,"K1"
"LUAL",0.0362768540507678,0.0170742852399274,0.00853714261996369,4,0.0134544805996267,0.00301647094673673,0.0013490068178113,5,0.0336181408817779,0.0266961847139929,0.0133480923569964,4,"L1"
"LUAL",0.0355129807874758,0.0173297017707668,0.00866485088538339,4,0.0134544805996267,0.00301647094673673,0.0013490068178113,5,0.0343820141450699,0.0266037349142333,0.0133018674571166,4,"M1"
"LUAL",0.0296943542502014,0.0249383482139323,0.0124691741069662,4,0.0134544805996267,0.00301647094673673,0.0013490068178113,5,0.0402006406823443,0.0177036931320137,0.00885184656600683,4,"N1"
"LUAL",0.037572823307225,0.0167288391134212,0.00836441955671061,4,0.0134544805996267,0.00301647094673673,0.0013490068178113,5,0.0323221716253206,0.0266588892943576,0.0133294446471788,4,"O1"
"LUAL",0.036808950043933,0.0170669648287424,0.0085334824143712,4,0.0134544805996267,0.00301647094673673,0.0013490068178113,5,0.0330860448886127,0.0266159481305,0.01330797406525,4,"P1"
"LUAL",0.0289370786334337,0.0247225199184081,0.0123612599592041,4,0.0134544805996267,0.00301647094673673,0.0013490068178113,5,0.0409579162991119,0.017360683031173,0.00868034151558648,4,"Q1"
"LUAL",0.0281732053701417,0.0245975456009826,0.0122987728004913,4,0.0134544805996267,0.00301647094673673,0.0013490068178113,5,0.0417217895624039,0.0167783986088971,0.00838919930444855,4,"R1"
"LUAL",0.0360516744271654,0.0171735347086618,0.00858676735433089,4,0.0134544805996267,0.00301647094673673,0.0013490068178113,5,0.0338433205053803,0.0266598665812331,0.0133299332906166,4,"S1"
"LUAL",0.0301801975680869,0.00678201027851049,0.00339100513925525,4,0.0134544805996267,0.00301647094673673,0.0013490068178113,5,0.0397147973644588,0.0300387850333342,0.0150193925166671,4,"U1"
"LUAL",0.0294163243047948,0.00650877480075025,0.00325438740037512,4,0.0134544805996267,0.00301647094673673,0.0013490068178113,5,0.0404786706277508,0.0297486500258714,0.0148743250129357,4,"V1"
"LUAL",0.0286590486880272,0.00557534525877942,0.00278767262938971,4,0.0134544805996267,0.00301647094673673,0.0013490068178113,5,0.0412359462445184,0.0295363045933152,0.0147681522966576,4,"Y1"
"LUAL",0.0299550179444844,0.00676267899487243,0.00338133949743621,4,0.0134544805996267,0.00301647094673673,0.0013490068178113,5,0.0399399769880612,0.0299454487353094,0.0149727243676547,4,"B2"
"LUAL",0.0323028321916038,0.0241934345083814,0.0120967172541907,4,0.0134544805996267,0.00301647094673673,0.0013490068178113,5,0.0375921627409418,0.0201235280239299,0.0100617640119649,4,"D2"
"LUAL",0.0401813012486275,0.0137278167393318,0.00686390836966592,4,0.0134544805996267,0.00301647094673673,0.0013490068178113,5,0.0297136936839182,0.02733916313094,0.01366958156547,4,"E2"
"LUAL",0.0394174279853355,0.0143245816796748,0.00716229083983742,4,0.0134544805996267,0.00301647094673673,0.0013490068178113,5,0.0304775669472102,0.0273944449599367,0.0136972224799683,4,"F2"
"LUAL",0.0315455565748362,0.0240805236121051,0.0120402618060526,4,0.0134544805996267,0.00301647094673673,0.0013490068178113,5,0.0383494383577094,0.0199548618028617,0.00997743090143085,4,"G2"
"LUAL",0.0307816833115442,0.0240628621197828,0.0120314310598914,4,0.0134544805996267,0.00301647094673673,0.0013490068178113,5,0.0391133116210014,0.0195865084082817,0.00979325420414085,4,"H2"
"LUAL",0.0386601523685678,0.0146325052833349,0.00731625264166746,4,0.0134544805996267,0.00301647094673673,0.0013490068178113,5,0.0312348425639778,0.02753294336884,0.01376647168442,4,"I2"
"LUAL",0.0328415258312934,0.0241773744491286,0.0120886872245643,4,0.0134544805996267,0.00301647094673673,0.0013490068178113,5,0.0370534691012522,0.0203115136286883,0.0101557568143442,4,"J2"
"LUAL",0.0320776525680014,0.0242143559606567,0.0121071779803283,4,0.0134544805996267,0.00301647094673673,0.0013490068178113,5,0.0378173423645442,0.0200158005415286,0.0100079002707643,4,"K2"
"LUAL",0.039956121625025,0.0139354429028381,0.00696772145141905,4,0.0134544805996267,0.00301647094673673,0.0013490068178113,5,0.0299388733075206,0.0273466010151178,0.0136733005075589,4,"L2"
"LUAL",0.0313203769512338,0.0240921076414859,0.012046053820743,4,0.0134544805996267,0.00301647094673673,0.0013490068178113,5,0.0385746179813118,0.0198347592034139,0.00991737960170697,4,"M2"
"LUAL",0.0254489000921553,0.0160441830555986,0.00802209152779932,4,0.0134544805996267,0.00301647094673673,0.0013490068178113,5,0.0444460948403903,0.0226035082031868,0.0113017541015934,4,"N2"
"LUAL",0.0246850268288633,0.0156251932744472,0.00781259663722361,4,0.0134544805996267,0.00301647094673673,0.0013490068178113,5,0.0452099681036824,0.0219985118616614,0.0109992559308307,4,"O2"
"LUAL",0.0325634958858869,0.00270586909056098,0.00135293454528049,4,0.0134544805996267,0.00301647094673673,0.0013490068178113,5,0.0373314990466587,0.0314078392802179,0.0157039196401089,4,"P2"
"LUAL",0.0252237204685529,0.0159471918823349,0.00797359594116745,4,0.0134544805996267,0.00301647094673673,0.0013490068178113,5,0.0446712744639928,0.0224160396148002,0.0112080198074001,4,"R2"
"SAAP",0.0254555650382395,0.0120928940522824,0.00604644702614119,4,0.0113747878467149,0.00499525957882777,0.00223394799670317,5,0.0231580430833367,0.00885057043371371,0.00442528521685685,4,"A"
"SAAP",0.0264717962287743,0.0120159512454901,0.00600797562274505,4,0.0113747878467149,0.00499525957882777,0.00223394799670317,5,0.0221418118928019,0.00843845331899479,0.0042192266594974,4,"B"
"SAAP",0.0223424757176167,0.0142597480313111,0.00712987401565553,4,0.0113747878467149,0.00499525957882777,0.00223394799670317,5,0.0262711324039596,0.00380260158682399,0.001901300793412,4,"C"
"SAAP",0.0274467928330128,0.0122625083898892,0.0061312541949446,4,0.0113747878467149,0.00499525957882777,0.00223394799670317,5,0.0211668152885634,0.00717137116127255,0.00358568558063627,4,"D"
"SAAP",0.0254725355402633,0.0120888079321551,0.00604440396607753,4,0.0113747878467149,0.00499525957882777,0.00223394799670317,5,0.0231410725813129,0.00885023529315389,0.00442511764657695,4,"E"
"SAAP",0.0215031482109464,0.00474674690155767,0.00237337345077883,4,0.0113747878467149,0.00499525957882777,0.00223394799670317,5,0.0271104599106298,0.0135866424294222,0.0067933212147111,4,"F"
"SAAP",0.0224781448151849,0.00643708580640271,0.00321854290320135,4,0.0113747878467149,0.00499525957882777,0.00223394799670317,5,0.0261354633063913,0.0133317801614897,0.00666589008074483,4,"H"
"SAAP",0.0205038875224354,0.00332383312797404,0.00166191656398702,4,0.0113747878467149,0.00499525957882777,0.00223394799670317,5,0.0281097205991408,0.013359494393911,0.00667974719695548,4,"I"
"SAAP",0.0234943760057197,0.00690287845138432,0.00345143922569216,4,0.0113747878467149,0.00499525957882777,0.00223394799670317,5,0.0251192321158565,0.0133671208250072,0.00668356041250362,4,"K"
"SAAP",0.0215201187129702,0.00475517214574126,0.00237758607287063,4,0.0113747878467149,0.00499525957882777,0.00223394799670317,5,0.027093489408606,0.0135930050237029,0.00679650251185146,4,"L"
"SAAP",0.0224951153172087,0.00643987628107788,0.00321993814053894,4,0.0113747878467149,0.00499525957882777,0.00223394799670317,5,0.0261184928043675,0.0133366102211971,0.00666830511059854,4,"O"
"SAAP",0.0275836061892835,0.0112507969835046,0.0056253984917523,4,0.0113747878467149,0.00499525957882777,0.00223394799670317,5,0.0210300019322927,0.00853675405029098,0.00426837702514549,4,"P"
"SAAP",0.0234542856781258,0.0140634448652654,0.00703172243263271,4,0.0113747878467149,0.00499525957882777,0.00223394799670317,5,0.0251593224434504,0.00532645973027687,0.00266322986513844,4,"Q"
"SAAP",0.028558602793522,0.011387526711831,0.00569376335591549,4,0.0113747878467149,0.00499525957882777,0.00223394799670317,5,0.0200550053280543,0.00708565761249843,0.00354282880624921,4,"R"
"SAAP",0.0265843455007725,0.0114585889306491,0.00572929446532455,4,0.0113747878467149,0.00499525957882777,0.00223394799670317,5,0.0220292626208037,0.00910812684768444,0.00455406342384222,4,"S"
"SAAP",0.0244705168686606,0.0141897443929487,0.00709487219647434,4,0.0113747878467149,0.00499525957882777,0.00223394799670317,5,0.0241430912529156,0.0051642460589691,0.00258212302948455,4,"T"
"SAAP",0.0295748339840568,0.0109275654065334,0.00546378270326671,4,0.0113747878467149,0.00499525957882777,0.00223394799670317,5,0.0190387741375194,0.00588832442579523,0.00294416221289761,4,"U"
"SAAP",0.0276005766913073,0.0112421225585037,0.00562106127925183,4,0.0113747878467149,0.00499525957882777,0.00223394799670317,5,0.0210130314302689,0.00853076395481617,0.00426538197740809,4,"V"
"SAAP",0.0254455134728991,0.0145786893042313,0.00728934465211566,4,0.0113747878467149,0.00499525957882777,0.00223394799670317,5,0.0231680946486771,0.00347761635138751,0.00173880817569375,4,"W"
"SAAP",0.0234712561801496,0.0140631518295266,0.00703157591476332,4,0.0113747878467149,0.00499525957882777,0.00223394799670317,5,0.0251423519414266,0.00533439858292106,0.00266719929146053,4,"X"
"SAAP",0.0285755732955458,0.0113770175493166,0.00568850877465828,4,0.0113747878467149,0.00499525957882777,0.00223394799670317,5,0.0200380348260304,0.00707532222500152,0.00353766111250076,4,"Y"
"SAAP",0.0195018688508327,0.00727880213235715,0.00363940106617858,4,0.0113747878467149,0.00499525957882777,0.00223394799670317,5,0.0291117392707435,0.0106556270663455,0.00532781353317277,4,"Z"
"SAAP",0.0246061859662289,0.00621889169436669,0.00310944584718335,4,0.0113747878467149,0.00499525957882777,0.00223394799670317,5,0.0240074221553474,0.0137541313433558,0.00687706567167791,4,"A1"
"SAAP",0.0226319286734794,0.0044147339203862,0.0022073669601931,4,0.0113747878467149,0.00499525957882777,0.00223394799670317,5,0.0259816794480968,0.0141816545542067,0.00709082727710335,4,"B1"
"SAAP",0.0204768654550712,0.00878001914733296,0.00439000957366648,4,0.0113747878467149,0.00499525957882777,0.00223394799670317,5,0.028136742666505,0.0105775803547093,0.00528879017735464,4,"C1"
"SAAP",0.0236069252777179,0.00595479001630491,0.00297739500815245,4,0.0113747878467149,0.00499525957882777,0.00223394799670317,5,0.0250066828438584,0.0138319925058936,0.00691599625294682,4,"E1"
"SAAP",0.021493096645606,0.0094194352350721,0.00470971761753605,4,0.0113747878467149,0.00499525957882777,0.00223394799670317,5,0.0271205114759702,0.0108743795096996,0.00543718975484979,4,"F1"
"SAAP",0.0195188393528565,0.00729051326803146,0.00364525663401573,4,0.0113747878467149,0.00499525957882777,0.00223394799670317,5,0.0290947687687197,0.0106679842748113,0.00533399213740567,4,"G1"
"SAAP",0.0246231564682527,0.00621403596211296,0.00310701798105648,4,0.0113747878467149,0.00499525957882777,0.00223394799670317,5,0.0239904516533235,0.0137553129780352,0.00687765648901761,4,"H1"
"SAAP",0.020493835957095,0.00878722005558534,0.00439361002779267,4,0.0113747878467149,0.00499525957882777,0.00223394799670317,5,0.0281197721644812,0.0105879451887196,0.0052939725943598,4,"I1"
"SAAP",0.0281197721644812,0.0105879451887196,0.0052939725943598,4,0.0113747878467149,0.00499525957882777,0.00223394799670317,5,0.020493835957095,0.00878722005558534,0.00439361002779267,4,"J1"
"SAAP",0.0239904516533235,0.0137553129780352,0.00687765648901761,4,0.0113747878467149,0.00499525957882777,0.00223394799670317,5,0.0246231564682527,0.00621403596211296,0.00310701798105648,4,"K1"
"SAAP",0.0290947687687197,0.0106679842748113,0.00533399213740567,4,0.0113747878467149,0.00499525957882777,0.00223394799670317,5,0.0195188393528565,0.00729051326803146,0.00364525663401573,4,"L1"
"SAAP",0.0271205114759702,0.0108743795096996,0.00543718975484979,4,0.0113747878467149,0.00499525957882777,0.00223394799670317,5,0.021493096645606,0.0094194352350721,0.00470971761753605,4,"M1"
"SAAP",0.0250066828438584,0.0138319925058936,0.00691599625294682,4,0.0113747878467149,0.00499525957882777,0.00223394799670317,5,0.0236069252777179,0.00595479001630491,0.00297739500815245,4,"N1"
"SAAP",0.0301109999592545,0.0101039015577923,0.00505195077889617,4,0.0113747878467149,0.00499525957882777,0.00223394799670317,5,0.0185026081623217,0.0060136861868356,0.0030068430934178,4,"O1"
"SAAP",0.028136742666505,0.0105775803547093,0.00528879017735464,4,0.0113747878467149,0.00499525957882777,0.00223394799670317,5,0.0204768654550712,0.00878001914733296,0.00439000957366648,4,"P1"
"SAAP",0.0259816794480968,0.0141816545542067,0.00709082727710335,4,0.0113747878467149,0.00499525957882777,0.00223394799670317,5,0.0226319286734794,0.0044147339203862,0.0022073669601931,4,"Q1"
"SAAP",0.0240074221553474,0.0137541313433558,0.00687706567167791,4,0.0113747878467149,0.00499525957882777,0.00223394799670317,5,0.0246061859662289,0.00621889169436669,0.00310944584718335,4,"R1"
"SAAP",0.0291117392707435,0.0106556270663455,0.00532781353317277,4,0.0113747878467149,0.00499525957882777,0.00223394799670317,5,0.0195018688508327,0.00727880213235715,0.00363940106617858,4,"S1"
"SAAP",0.0200380348260304,0.00707532222500152,0.00353766111250076,4,0.0113747878467149,0.00499525957882777,0.00223394799670317,5,0.0285755732955458,0.0113770175493166,0.00568850877465828,4,"T1"
"SAAP",0.0251423519414266,0.00533439858292106,0.00266719929146053,4,0.0113747878467149,0.00499525957882777,0.00223394799670317,5,0.0234712561801496,0.0140631518295266,0.00703157591476332,4,"U1"
"SAAP",0.0231680946486771,0.00347761635138751,0.00173880817569375,4,0.0113747878467149,0.00499525957882777,0.00223394799670317,5,0.0254455134728991,0.0145786893042313,0.00728934465211566,4,"V1"
"SAAP",0.0210130314302689,0.00853076395481617,0.00426538197740809,4,0.0113747878467149,0.00499525957882777,0.00223394799670317,5,0.0276005766913073,0.0112421225585037,0.00562106127925183,4,"W1"
"SAAP",0.0241430912529156,0.0051642460589691,0.00258212302948455,4,0.0113747878467149,0.00499525957882777,0.00223394799670317,5,0.0244705168686606,0.0141897443929487,0.00709487219647434,4,"Y1"
"SAAP",0.0220292626208037,0.00910812684768444,0.00455406342384222,4,0.0113747878467149,0.00499525957882777,0.00223394799670317,5,0.0265843455007725,0.0114585889306491,0.00572929446532455,4,"Z1"
"SAAP",0.0200550053280543,0.00708565761249843,0.00354282880624921,4,0.0113747878467149,0.00499525957882777,0.00223394799670317,5,0.028558602793522,0.011387526711831,0.00569376335591549,4,"A2"
"SAAP",0.0251593224434504,0.00532645973027687,0.00266322986513844,4,0.0113747878467149,0.00499525957882777,0.00223394799670317,5,0.0234542856781258,0.0140634448652654,0.00703172243263271,4,"B2"
"SAAP",0.0210300019322927,0.00853675405029098,0.00426837702514549,4,0.0113747878467149,0.00499525957882777,0.00223394799670317,5,0.0275836061892835,0.0112507969835046,0.0056253984917523,4,"C2"
"SAAP",0.0261184928043675,0.0133366102211971,0.00666830511059854,4,0.0113747878467149,0.00499525957882777,0.00223394799670317,5,0.0224951153172087,0.00643987628107788,0.00321993814053894,4,"D2"
"SAAP",0.0312228099197637,0.00857301389461604,0.00428650694730802,4,0.0113747878467149,0.00499525957882777,0.00223394799670317,5,0.0173907982018126,0.00520033546703698,0.00260016773351849,4,"E2"
"SAAP",0.0292485526270142,0.00944173062359602,0.00472086531179801,4,0.0113747878467149,0.00499525957882777,0.00223394799670317,5,0.0193650554945621,0.00859192260812543,0.00429596130406271,4,"F2"
"SAAP",0.027093489408606,0.0135930050237029,0.00679650251185146,4,0.0113747878467149,0.00499525957882777,0.00223394799670317,5,0.0215201187129702,0.00475517214574126,0.00237758607287063,4,"G2"
"SAAP",0.0251192321158565,0.0133671208250072,0.00668356041250362,4,0.0113747878467149,0.00499525957882777,0.00223394799670317,5,0.0234943760057197,0.00690287845138432,0.00345143922569216,4,"H2"
"SAAP",0.0302235492312527,0.00937618063796633,0.00468809031898317,4,0.0113747878467149,0.00499525957882777,0.00223394799670317,5,0.0183900588903235,0.0068427087128571,0.00342135435642855,4,"I2"
"SAAP",0.0281097205991408,0.013359494393911,0.00667974719695548,4,0.0113747878467149,0.00499525957882777,0.00223394799670317,5,0.0205038875224354,0.00332383312797404,0.00166191656398702,4,"J2"
"SAAP",0.0261354633063913,0.0133317801614897,0.00666589008074483,4,0.0113747878467149,0.00499525957882777,0.00223394799670317,5,0.0224781448151849,0.00643708580640271,0.00321854290320135,4,"K2"
"SAAP",0.0312397804217875,0.00855200345663312,0.00427600172831656,4,0.0113747878467149,0.00499525957882777,0.00223394799670317,5,0.0173738276997887,0.00517460741853513,0.00258730370926757,4,"L2"
"SAAP",0.0271104599106298,0.0135866424294222,0.0067933212147111,4,0.0113747878467149,0.00499525957882777,0.00223394799670317,5,0.0215031482109464,0.00474674690155767,0.00237337345077883,4,"M2"
"SAAP",0.0231410725813129,0.00885023529315389,0.00442511764657695,4,0.0113747878467149,0.00499525957882777,0.00223394799670317,5,0.0254725355402633,0.0120888079321551,0.00604440396607753,4,"N2"
"SAAP",0.0211668152885634,0.00717137116127255,0.00358568558063627,4,0.0113747878467149,0.00499525957882777,0.00223394799670317,5,0.0274467928330128,0.0122625083898892,0.0061312541949446,4,"O2"
"SAAP",0.0262711324039596,0.00380260158682399,0.001901300793412,4,0.0113747878467149,0.00499525957882777,0.00223394799670317,5,0.0223424757176167,0.0142597480313111,0.00712987401565553,4,"P2"
"SAAP",0.0221418118928019,0.00843845331899479,0.0042192266594974,4,0.0113747878467149,0.00499525957882777,0.00223394799670317,5,0.0264717962287743,0.0120159512454901,0.00600797562274505,4,"Q2"
"SAAP",0.0231580430833367,0.00885057043371371,0.00442528521685685,4,0.0113747878467149,0.00499525957882777,0.00223394799670317,5,0.0254555650382395,0.0120928940522824,0.00604644702614119,4,"R2"
"SAME",0.0198834281892547,0.0112405797309879,0.00562028986549395,4,0.0150930408103907,0.0120769682470374,0.0054009843924964,5,0.0165385124345838,0.00780433675142131,0.00390216837571065,4,"A"
"SAME",0.0152375969171655,0.0100668350305173,0.00503341751525864,4,0.0150930408103907,0.0120769682470374,0.0054009843924964,5,0.021184343706673,0.00835465419022141,0.0041773270951107,4,"B"
"SAME",0.0183934942026911,0.00997605619157804,0.00498802809578902,4,0.0150930408103907,0.0120769682470374,0.0054009843924964,5,0.0180284464211474,0.00975226855810735,0.00487613427905368,4,"C"
"SAME",0.0185794833930703,0.0100945870531999,0.00504729352659996,4,0.0150930408103907,0.0120769682470374,0.0054009843924964,5,0.0178424572307682,0.00961532386029034,0.00480766193014517,4,"D"
"SAME",0.0149907734621991,0.0102392848328806,0.00511964241644028,4,0.0150930408103907,0.0120769682470374,0.0054009843924964,5,0.0214311671616393,0.00788808454975781,0.00394404227487891,4,"E"
"SAME",0.0179926326797865,0.0122841423499302,0.00614207117496508,4,0.0150930408103907,0.0120769682470374,0.0054009843924964,5,0.018429307944052,0.00660984132118289,0.00330492066059145,4,"F"
"SAME",0.0211485299653121,0.0112202966324337,0.00561014831621685,4,0.0150930408103907,0.0120769682470374,0.0054009843924964,5,0.0152734106585264,0.00676837287116075,0.00338418643558037,4,"G"
"SAME",0.0213345191556913,0.0112653286163504,0.00563266430817521,4,0.0150930408103907,0.0120769682470374,0.0054009843924964,5,0.0150874214681472,0.0064646859095656,0.0032323429547828,4,"H"
"SAME",0.0177458092248201,0.0124986116356385,0.00624930581781926,4,0.0150930408103907,0.0120769682470374,0.0054009843924964,5,0.0186761313990184,0.00615832661565815,0.00307916330782907,4,"I"
"SAME",0.0165026986932229,0.0107962396113482,0.00539811980567412,4,0.0150930408103907,0.0120769682470374,0.0054009843924964,5,0.0199192419306156,0.00838907886567717,0.00419453943283859,4,"J"
"SAME",0.0166886878836021,0.0109487698145513,0.00547438490727565,4,0.0150930408103907,0.0120769682470374,0.0054009843924964,5,0.0197332527402364,0.00828626183466628,0.00414313091733314,4,"K"
"SAME",0.0198445851691276,0.0102880564707737,0.00514402823538685,4,0.0150930408103907,0.0120769682470374,0.0054009843924964,5,0.0165773554547109,0.00904193820327467,0.00452096910163734,4,"M"
"SAME",0.0162558752382565,0.0109951471513355,0.00549757357566775,4,0.0150930408103907,0.0120769682470374,0.0054009843924964,5,0.020166065385582,0.00797690166776321,0.0039884508338816,4,"N"
"SAME",0.0164418644286357,0.0111504461303,0.00557522306514998,4,0.0150930408103907,0.0120769682470374,0.0054009843924964,5,0.0199800761952028,0.0078764756404165,0.00393823782020825,4,"O"
"SAME",0.0212583339787825,0.00886373087452804,0.00443186543726402,4,0.0150930408103907,0.0120769682470374,0.0054009843924964,5,0.015163606645056,0.0095596942014098,0.0047798471007049,4,"P"
"SAME",0.024414231264308,0.00510660167067567,0.00255330083533783,4,0.0150930408103907,0.0120769682470374,0.0054009843924964,5,0.0120077093595304,0.0081255999542647,0.00406279997713235,4,"Q"
"SAME",0.0246002204546872,0.00504680683493899,0.0025234034174695,4,0.0150930408103907,0.0120769682470374,0.0054009843924964,5,0.0118217201691513,0.00777090557751775,0.00388545278875888,4,"R"
"SAME",0.0210115105238161,0.00927525394268263,0.00463762697134131,4,0.0150930408103907,0.0120769682470374,0.0054009843924964,5,0.0154104301000224,0.00936868233949642,0.00468434116974821,4,"S"
"SAME",0.0197683999922189,0.00756303553052144,0.00378151776526072,4,0.0150930408103907,0.0120769682470374,0.0054009843924964,5,0.0166535406316196,0.0114476871068078,0.0057238435534039,4,"T"
"SAME",0.0199543891825981,0.00767441095029406,0.00383720547514703,4,0.0150930408103907,0.0120769682470374,0.0054009843924964,5,0.0164675514412404,0.0113011210667415,0.00565056053337074,4,"U"
"SAME",0.0163656792517269,0.00866005490998342,0.00433002745499171,4,0.0150930408103907,0.0120769682470374,0.0054009843924964,5,0.0200562613721116,0.0105185770799436,0.00525928853997181,4,"V"
"SAME",0.0231102864681236,0.00416915834290597,0.00208457917145298,4,0.0150930408103907,0.0120769682470374,0.0054009843924964,5,0.0133116541557149,0.0106454967476755,0.00532274837383774,4,"W"
"SAME",0.0195215765372525,0.00798019101963249,0.00399009550981625,4,0.0150930408103907,0.0120769682470374,0.0054009843924964,5,0.016900364086586,0.0112451468304332,0.00562257341521662,4,"X"
"SAME",0.0197075657276317,0.00809338884687386,0.00404669442343693,4,0.0150930408103907,0.0120769682470374,0.0054009843924964,5,0.0167143748962068,0.0111014207120797,0.00555071035603986,4,"Y"
"SAME",0.0225234357548399,0.0085715669608219,0.00428578348041095,4,0.0150930408103907,0.0120769682470374,0.0054009843924964,5,0.0138985048689986,0.00846478373820812,0.00423239186910406,4,"Z"
"SAME",0.0227094249452191,0.00859083341937027,0.00429541670968514,4,0.0150930408103907,0.0120769682470374,0.0054009843924964,5,0.0137125156786194,0.00818241667735509,0.00409120833867755,4,"A1"
"SAME",0.0191207150143479,0.0107827540229402,0.00539137701147007,4,0.0150930408103907,0.0120769682470374,0.0054009843924964,5,0.0173012256094906,0.00873169324778158,0.00436584662389079,4,"B1"
"SAME",0.0258653222307446,0.00301696707542212,0.00150848353771106,4,0.0150930408103907,0.0120769682470374,0.0054009843924964,5,0.0105566183930939,0.00542010885149579,0.0027100544257479,4,"C1"
"SAME",0.0222766122998735,0.00904262437712139,0.00452131218856069,4,0.0150930408103907,0.0120769682470374,0.0054009843924964,5,0.014145328323965,0.00829877726326142,0.00414938863163071,4,"D1"
"SAME",0.0224626014902527,0.00906764200991862,0.00453382100495931,4,0.0150930408103907,0.0120769682470374,0.0054009843924964,5,0.0139593391335858,0.00801819807258877,0.00400909903629439,4,"E1"
"SAME",0.0212194909586554,0.00762899815977664,0.00381449907988832,4,0.0150930408103907,0.0120769682470374,0.0054009843924964,5,0.0152024496651831,0.0106009028962349,0.00530045144811747,4,"F1"
"SAME",0.0176307810277843,0.00929561559829558,0.00464780779914779,4,0.0150930408103907,0.0120769682470374,0.0054009843924964,5,0.0187911595960542,0.0103639354232085,0.00518196771160425,4,"G1"
"SAME",0.0178167702181635,0.00944276144660191,0.00472138072330095,4,0.0150930408103907,0.0120769682470374,0.0054009843924964,5,0.018605170405675,0.0102536409199026,0.00512682045995132,4,"H1"
"SAME",0.020972667503689,0.0081018922043713,0.00405094610218565,4,0.0150930408103907,0.0120769682470374,0.0054009843924964,5,0.0154492731201495,0.0104277529436363,0.00521387647181814,4,"I1"
"SAME",0.0154492731201495,0.0104277529436363,0.00521387647181814,4,0.0150930408103907,0.0120769682470374,0.0054009843924964,5,0.020972667503689,0.0081018922043713,0.00405094610218565,4,"J1"
"SAME",0.018605170405675,0.0102536409199026,0.00512682045995132,4,0.0150930408103907,0.0120769682470374,0.0054009843924964,5,0.0178167702181635,0.00944276144660191,0.00472138072330095,4,"K1"
"SAME",0.0187911595960542,0.0103639354232085,0.00518196771160425,4,0.0150930408103907,0.0120769682470374,0.0054009843924964,5,0.0176307810277843,0.00929561559829558,0.00464780779914779,4,"L1"
"SAME",0.0152024496651831,0.0106009028962349,0.00530045144811747,4,0.0150930408103907,0.0120769682470374,0.0054009843924964,5,0.0212194909586554,0.00762899815977664,0.00381449907988832,4,"M1"
"SAME",0.0139593391335858,0.00801819807258877,0.00400909903629439,4,0.0150930408103907,0.0120769682470374,0.0054009843924964,5,0.0224626014902527,0.00906764200991862,0.00453382100495931,4,"N1"
"SAME",0.014145328323965,0.00829877726326142,0.00414938863163071,4,0.0150930408103907,0.0120769682470374,0.0054009843924964,5,0.0222766122998735,0.00904262437712139,0.00452131218856069,4,"O1"
"SAME",0.0173012256094906,0.00873169324778158,0.00436584662389079,4,0.0150930408103907,0.0120769682470374,0.0054009843924964,5,0.0191207150143479,0.0107827540229402,0.00539137701147007,4,"Q1"
"SAME",0.0138985048689986,0.00846478373820812,0.00423239186910406,4,0.0150930408103907,0.0120769682470374,0.0054009843924964,5,0.0225234357548399,0.0085715669608219,0.00428578348041095,4,"S1"
"SAME",0.0167143748962068,0.0111014207120797,0.00555071035603986,4,0.0150930408103907,0.0120769682470374,0.0054009843924964,5,0.0197075657276317,0.00809338884687386,0.00404669442343693,4,"T1"
"SAME",0.016900364086586,0.0112451468304332,0.00562257341521662,4,0.0150930408103907,0.0120769682470374,0.0054009843924964,5,0.0195215765372525,0.00798019101963249,0.00399009550981625,4,"U1"
"SAME",0.0200562613721116,0.0105185770799436,0.00525928853997181,4,0.0150930408103907,0.0120769682470374,0.0054009843924964,5,0.0163656792517269,0.00866005490998342,0.00433002745499171,4,"W1"
"SAME",0.0164675514412404,0.0113011210667415,0.00565056053337074,4,0.0150930408103907,0.0120769682470374,0.0054009843924964,5,0.0199543891825981,0.00767441095029406,0.00383720547514703,4,"X1"
"SAME",0.0166535406316196,0.0114476871068078,0.0057238435534039,4,0.0150930408103907,0.0120769682470374,0.0054009843924964,5,0.0197683999922189,0.00756303553052144,0.00378151776526072,4,"Y1"
"SAME",0.0154104301000224,0.00936868233949642,0.00468434116974821,4,0.0150930408103907,0.0120769682470374,0.0054009843924964,5,0.0210115105238161,0.00927525394268263,0.00463762697134131,4,"Z1"
"SAME",0.015163606645056,0.0095596942014098,0.0047798471007049,4,0.0150930408103907,0.0120769682470374,0.0054009843924964,5,0.0212583339787825,0.00886373087452804,0.00443186543726402,4,"C2"
"SAME",0.0199800761952028,0.0078764756404165,0.00393823782020825,4,0.0150930408103907,0.0120769682470374,0.0054009843924964,5,0.0164418644286357,0.0111504461303,0.00557522306514998,4,"D2"
"SAME",0.020166065385582,0.00797690166776321,0.0039884508338816,4,0.0150930408103907,0.0120769682470374,0.0054009843924964,5,0.0162558752382565,0.0109951471513355,0.00549757357566775,4,"E2"
"SAME",0.0165773554547109,0.00904193820327467,0.00452096910163734,4,0.0150930408103907,0.0120769682470374,0.0054009843924964,5,0.0198445851691276,0.0102880564707737,0.00514402823538685,4,"F2"
"SAME",0.0233219626711075,0.00450941782565181,0.00225470891282591,4,0.0150930408103907,0.0120769682470374,0.0054009843924964,5,0.013099977952731,0.0102334312707936,0.0051167156353968,4,"G2"
"SAME",0.0197332527402364,0.00828626183466628,0.00414313091733314,4,0.0150930408103907,0.0120769682470374,0.0054009843924964,5,0.0166886878836021,0.0109487698145513,0.00547438490727565,4,"H2"
"SAME",0.0199192419306156,0.00838907886567717,0.00419453943283859,4,0.0150930408103907,0.0120769682470374,0.0054009843924964,5,0.0165026986932229,0.0107962396113482,0.00539811980567412,4,"I2"
"SAME",0.0186761313990184,0.00615832661565815,0.00307916330782907,4,0.0150930408103907,0.0120769682470374,0.0054009843924964,5,0.0177458092248201,0.0124986116356385,0.00624930581781926,4,"J2"
"SAME",0.0150874214681472,0.0064646859095656,0.0032323429547828,4,0.0150930408103907,0.0120769682470374,0.0054009843924964,5,0.0213345191556913,0.0112653286163504,0.00563266430817521,4,"K2"
"SAME",0.0152734106585264,0.00676837287116075,0.00338418643558037,4,0.0150930408103907,0.0120769682470374,0.0054009843924964,5,0.0211485299653121,0.0112202966324337,0.00561014831621685,4,"L2"
"SAME",0.018429307944052,0.00660984132118289,0.00330492066059145,4,0.0150930408103907,0.0120769682470374,0.0054009843924964,5,0.0179926326797865,0.0122841423499302,0.00614207117496508,4,"M2"
"SAME",0.0214311671616393,0.00788808454975781,0.00394404227487891,4,0.0150930408103907,0.0120769682470374,0.0054009843924964,5,0.0149907734621991,0.0102392848328806,0.00511964241644028,4,"N2"
"SAME",0.0178424572307682,0.00961532386029034,0.00480766193014517,4,0.0150930408103907,0.0120769682470374,0.0054009843924964,5,0.0185794833930703,0.0100945870531999,0.00504729352659996,4,"O2"
"SAME",0.0180284464211474,0.00975226855810735,0.00487613427905368,4,0.0150930408103907,0.0120769682470374,0.0054009843924964,5,0.0183934942026911,0.00997605619157804,0.00498802809578902,4,"P2"
"SAME",0.021184343706673,0.00835465419022141,0.0041773270951107,4,0.0150930408103907,0.0120769682470374,0.0054009843924964,5,0.0152375969171655,0.0100668350305173,0.00503341751525864,4,"Q2"
"SAME",0.0165385124345838,0.00780433675142131,0.00390216837571065,4,0.0150930408103907,0.0120769682470374,0.0054009843924964,5,0.0198834281892547,0.0112405797309879,0.00562028986549395,4,"R2"
